[{"model": "contenttypes.contenttype", "pk": 1, "fields": {"app_label": "auth", "model": "permission"}}, {"model": "contenttypes.contenttype", "pk": 2, "fields": {"app_label": "auth", "model": "group"}}, {"model": "contenttypes.contenttype", "pk": 3, "fields": {"app_label": "contenttypes", "model": "contenttype"}}, {"model": "contenttypes.contenttype", "pk": 4, "fields": {"app_label": "atelier", "model": "atelier"}}, {"model": "contenttypes.contenttype", "pk": 5, "fields": {"app_label": "atelier", "model": "user"}}, {"model": "contenttypes.contenttype", "pk": 6, "fields": {"app_label": "admin", "model": "logentry"}}, {"model": "contenttypes.contenttype", "pk": 7, "fields": {"app_label": "sessions", "model": "session"}}, {"model": "contenttypes.contenttype", "pk": 8, "fields": {"app_label": "rest_framework_api_key", "model": "apikey"}}, {"model": "contenttypes.contenttype", "pk": 9, "fields": {"app_label": "ievv_developemail", "model": "developemail"}}, {"model": "contenttypes.contenttype", "pk": 10, "fields": {"app_label": "ievv_sms", "model": "debugsmsmessage"}}, {"model": "contenttypes.contenttype", "pk": 11, "fields": {"app_label": "generic_token_with_metadata", "model": "generictokenwithmetadata"}}, {"model": "contenttypes.contenttype", "pk": 12, "fields": {"app_label": "atelier_messages", "model": "messagereceiver"}}, {"model": "contenttypes.contenttype", "pk": 13, "fields": {"app_label": "atelier_messages", "model": "basemessageattachment"}}, {"model": "contenttypes.contenttype", "pk": 14, "fields": {"app_label": "atelier_messages", "model": "basemessage"}}, {"model": "contenttypes.contenttype", "pk": 15, "fields": {"app_label": "atelier_messages", "model": "systemmessage"}}, {"model": "sessions.session", "pk": "3sc7divhutfhj15yg470tl3e1wmvttyp", "fields": {"session_data": "MDc2M2EwMTliMGUyY2U1MDM1MGQ1M2VmMTkwZjZjNGFiOGNkZjkwZjp7Il9hdXRoX3VzZXJfaWQiOiI1IiwiX2F1dGhfdXNlcl9iYWNrZW5kIjoiZGphbmdvLmNvbnRyaWIuYXV0aC5iYWNrZW5kcy5Nb2RlbEJhY2tlbmQiLCJfYXV0aF91c2VyX2hhc2giOiJkM2UxNzAwYzFjMTAxNGE0YTQwNjRjMjQ5MTYyMmRjNWFiMDE2NDg0In0=", "expire_date": "2020-10-11T05:50:32.732Z"}}, {"model": "sessions.session", "pk": "6pbi8jw9gii12j7lyn3ca9ej25fimar7", "fields": {"session_data": "NDhhN2UyMzFkNmZkYzA2N2JjY2VmMTYxZWY1MDdlZjkxZDk1ODUyODp7Il9hdXRoX3VzZXJfaWQiOiI5IiwiX2F1dGhfdXNlcl9iYWNrZW5kIjoiZGphbmdvLmNvbnRyaWIuYXV0aC5iYWNrZW5kcy5Nb2RlbEJhY2tlbmQiLCJfYXV0aF91c2VyX2hhc2giOiIwYWY5MTRmNDJiMTBhNTY2NzVjZGY0YWM1OWE5NjY5NjBjN2UyY2FlIn0=", "expire_date": "2020-10-16T11:54:00.825Z"}}, {"model": "sessions.session", "pk": "fyjnehjmmdxxsrbp88scqdj0vdamwlvy", "fields": {"session_data": "MDc2M2EwMTliMGUyY2U1MDM1MGQ1M2VmMTkwZjZjNGFiOGNkZjkwZjp7Il9hdXRoX3VzZXJfaWQiOiI1IiwiX2F1dGhfdXNlcl9iYWNrZW5kIjoiZGphbmdvLmNvbnRyaWIuYXV0aC5iYWNrZW5kcy5Nb2RlbEJhY2tlbmQiLCJfYXV0aF91c2VyX2hhc2giOiJkM2UxNzAwYzFjMTAxNGE0YTQwNjRjMjQ5MTYyMmRjNWFiMDE2NDg0In0=", "expire_date": "2020-09-26T16:14:16.954Z"}}, {"model": "sessions.session", "pk": "jhyg3bzt7jdehranrh2rek1ini2r8q9k", "fields": {"session_data": "MDc2M2EwMTliMGUyY2U1MDM1MGQ1M2VmMTkwZjZjNGFiOGNkZjkwZjp7Il9hdXRoX3VzZXJfaWQiOiI1IiwiX2F1dGhfdXNlcl9iYWNrZW5kIjoiZGphbmdvLmNvbnRyaWIuYXV0aC5iYWNrZW5kcy5Nb2RlbEJhY2tlbmQiLCJfYXV0aF91c2VyX2hhc2giOiJkM2UxNzAwYzFjMTAxNGE0YTQwNjRjMjQ5MTYyMmRjNWFiMDE2NDg0In0=", "expire_date": "2020-09-27T13:19:25.535Z"}}, {"model": "generic_token_with_metadata.generictokenwithmetadata", "pk": 5, "fields": {"app": "atelier", "token": "fJZq", "created_datetime": "2020-10-02T13:12:28.346Z", "expiration_datetime": "2020-10-02T13:17:28.346Z", "single_use": true, "metadata": {"type": "email", "attempts": 3}, "content_type": 5, "object_id": 11}}, {"model": "generic_token_with_metadata.generictokenwithmetadata", "pk": 6, "fields": {"app": "atelier", "token": "TtUA", "created_datetime": "2020-10-02T13:36:21.993Z", "expiration_datetime": "2020-10-02T13:41:21.993Z", "single_use": true, "metadata": {"type": "email", "attempts": 3}, "content_type": 5, "object_id": 11}}, {"model": "generic_token_with_metadata.generictokenwithmetadata", "pk": 7, "fields": {"app": "atelier", "token": "4xM5", "created_datetime": "2020-10-02T13:39:02.923Z", "expiration_datetime": "2020-10-02T13:44:02.923Z", "single_use": true, "metadata": {"type": "email", "attempts": 3}, "content_type": 5, "object_id": 11}}, {"model": "generic_token_with_metadata.generictokenwithmetadata", "pk": 8, "fields": {"app": "atelier", "token": "zowm", "created_datetime": "2020-10-02T13:40:06.854Z", "expiration_datetime": "2020-10-02T13:45:06.854Z", "single_use": true, "metadata": {"type": "email", "attempts": 3}, "content_type": 5, "object_id": 9}}, {"model": "ievv_developemail.developemail", "pk": 1, "fields": {"created_datetime": "2020-09-23T17:18:08.149Z", "subject": "Atelier authentication code", "from_email": "noreply@test.com", "to_emails": "grandma@example.com", "raw_message": "Content-Type: multipart/alternative;\n boundary=\"===============8142949002870455525==\"\nMIME-Version: 1.0\nSubject: Atelier authentication code\nFrom: noreply@test.com\nTo: grandma@example.com\nDate: Wed, 23 Sep 2020 17:18:08 -0000\nMessage-ID: <160088148814.23.3574551556701664305@web>\n\n--===============8142949002870455525==\nContent-Type: text/plain; charset=\"utf-8\"\nMIME-Version: 1.0\nContent-Transfer-Encoding: 7bit\n\nAtelier authentication  \n---  \nDear grandma@example.com,  \n  \nThe authentication code is **xMWM**.  \n  \nThank you.\n\nThis is a system generated email from the localhost:8000 application.\n\n\n--===============8142949002870455525==\nContent-Type: text/html; charset=\"utf-8\"\nMIME-Version: 1.0\nContent-Transfer-Encoding: 7bit\n\n<!DOCTYPE html PUBLIC \"-//W3C//DTD XHTML 1.0 Transitional//EN\"\n        \"http://www.w3.org/TR/xhtml1/DTD/xhtml1-transitional.dtd\">\n<html xmlns=\"http://www.w3.org/1999/xhtml\">\n<head>\n    <meta http-equiv=\"Content-Type\" content=\"text/html; charset=UTF-8\"/>\n    <meta name=\"viewport\" content=\"width=device-width, initial-scale=1.0\"/>\n</head>\n<body leftmargin=\"0\" marginwidth=\"0\" topmargin=\"0\" marginheight=\"0\" offset=\"0\"\n      style=\"background-color: #fff;\">\n<table id=\"outer_wrapper_table\"\n       style=\"\"\n       align=\"center\" border=\"0\" cellpadding=\"0\" cellspacing=\"0\" width=\"100%\">\n    <tr style=\"margin: 0;\">\n        <td style=\"font-family: Arial, sans-serif; font-size: 16px; line-height: 1.42857143; margin: 0; letter-spacing: 0.5px; padding: 20px; \">\n            \n    \n        <span style=\"font-size: 30px; font-weight: bold; padding: 0; \">\n            Atelier authentication\n        </span>\n    \n\n        </td>\n    </tr>\n    <tr>\n        <td style=\"font-family: Arial, sans-serif; font-size: 16px; line-height: 1.42857143; margin: 0; letter-spacing: 0.5px; padding: 20px; \">\n            \n            \n    \n\nDear grandma@example.com,\n<br><br>\n\nThe authentication code is <strong>xMWM</strong>.\n<br><br>\n\nThank you.\n\n    <p>This is a system generated email from the localhost:8000 application.</p>\n\n        </td>\n    </tr>\n    \n        <tr>\n            <td style=\"font-family: Arial, sans-serif; font-size: 16px; line-height: 1.42857143; margin: 0; letter-spacing: 0.5px; padding-left: 20px; padding-right: 20px; color: #555; \">\n                \n  \n    \n  \n\n            </td>\n        </tr>\n    \n</table>\n</body>\n</html>\n--===============8142949002870455525==--\n"}}, {"model": "ievv_developemail.developemail", "pk": 2, "fields": {"created_datetime": "2020-10-02T09:47:07.432Z", "subject": "Atelier authentication code", "from_email": "noreply@test.com", "to_emails": "test2@mail.com", "raw_message": "Content-Type: multipart/alternative;\n boundary=\"===============2814675883617638889==\"\nMIME-Version: 1.0\nSubject: Atelier authentication code\nFrom: noreply@test.com\nTo: test2@mail.com\nDate: Fri, 02 Oct 2020 09:47:07 -0000\nMessage-ID: <160163202742.68.12158845422189921820@web>\n\n--===============2814675883617638889==\nContent-Type: text/plain; charset=\"utf-8\"\nMIME-Version: 1.0\nContent-Transfer-Encoding: 7bit\n\nAtelier authentication  \n---  \nDear test_2 test_2,  \n  \nThe authentication code is **VyY8**.  \n  \nThank you.\n\nThis is a system generated email from the localhost:8000 application.\n\n\n--===============2814675883617638889==\nContent-Type: text/html; charset=\"utf-8\"\nMIME-Version: 1.0\nContent-Transfer-Encoding: 7bit\n\n<!DOCTYPE html PUBLIC \"-//W3C//DTD XHTML 1.0 Transitional//EN\"\n        \"http://www.w3.org/TR/xhtml1/DTD/xhtml1-transitional.dtd\">\n<html xmlns=\"http://www.w3.org/1999/xhtml\">\n<head>\n    <meta http-equiv=\"Content-Type\" content=\"text/html; charset=UTF-8\"/>\n    <meta name=\"viewport\" content=\"width=device-width, initial-scale=1.0\"/>\n</head>\n<body leftmargin=\"0\" marginwidth=\"0\" topmargin=\"0\" marginheight=\"0\" offset=\"0\"\n      style=\"background-color: #fff;\">\n<table id=\"outer_wrapper_table\"\n       style=\"\"\n       align=\"center\" border=\"0\" cellpadding=\"0\" cellspacing=\"0\" width=\"100%\">\n    <tr style=\"margin: 0;\">\n        <td style=\"font-family: Arial, sans-serif; font-size: 16px; line-height: 1.42857143; margin: 0; letter-spacing: 0.5px; padding: 20px; \">\n            \n    \n        <span style=\"font-size: 30px; font-weight: bold; padding: 0; \">\n            Atelier authentication\n        </span>\n    \n\n        </td>\n    </tr>\n    <tr>\n        <td style=\"font-family: Arial, sans-serif; font-size: 16px; line-height: 1.42857143; margin: 0; letter-spacing: 0.5px; padding: 20px; \">\n            \n            \n    \n\nDear test_2 test_2,\n<br><br>\n\nThe authentication code is <strong>VyY8</strong>.\n<br><br>\n\nThank you.\n\n    <p>This is a system generated email from the localhost:8000 application.</p>\n\n        </td>\n    </tr>\n    \n        <tr>\n            <td style=\"font-family: Arial, sans-serif; font-size: 16px; line-height: 1.42857143; margin: 0; letter-spacing: 0.5px; padding-left: 20px; padding-right: 20px; color: #555; \">\n                \n  \n    \n  \n\n            </td>\n        </tr>\n    \n</table>\n</body>\n</html>\n--===============2814675883617638889==--\n"}}, {"model": "ievv_developemail.developemail", "pk": 3, "fields": {"created_datetime": "2020-10-02T12:19:36.350Z", "subject": "Confirm your email address", "from_email": "noreply@test.com", "to_emails": "test_1@mail.com", "raw_message": "Content-Type: multipart/alternative;\n boundary=\"===============6064716866187684565==\"\nMIME-Version: 1.0\nSubject: Confirm your email address\nFrom: noreply@test.com\nTo: test_1@mail.com\nDate: Fri, 02 Oct 2020 12:19:36 -0000\nMessage-ID: <160164117634.53.17812095448306016160@web>\n\n--===============6064716866187684565==\nContent-Type: text/plain; charset=\"utf-8\"\nMIME-Version: 1.0\nContent-Transfer-Encoding: 7bit\n\nAtelier  \n---  \n  \nDear test1 test1,\n\nTo confirm your email address, please follow the link: [Confirm\nemail](http://0.0.0.0:8000/auth/confirm-\nemail/9/889a36a2-04a9-11eb-b4d3-0242ac150004-376fe34c-a8c3-4fc4-8d71-bc6fdfc4927e/)\n\nThis is a system generated email from the localhost:8000 application.\n\n\n--===============6064716866187684565==\nContent-Type: text/html; charset=\"utf-8\"\nMIME-Version: 1.0\nContent-Transfer-Encoding: 7bit\n\n<!DOCTYPE html PUBLIC \"-//W3C//DTD XHTML 1.0 Transitional//EN\"\n        \"http://www.w3.org/TR/xhtml1/DTD/xhtml1-transitional.dtd\">\n<html xmlns=\"http://www.w3.org/1999/xhtml\">\n<head>\n    <meta http-equiv=\"Content-Type\" content=\"text/html; charset=UTF-8\"/>\n    <meta name=\"viewport\" content=\"width=device-width, initial-scale=1.0\"/>\n</head>\n<body leftmargin=\"0\" marginwidth=\"0\" topmargin=\"0\" marginheight=\"0\" offset=\"0\"\n      style=\"background-color: #fff;\">\n<table id=\"outer_wrapper_table\"\n       style=\"\"\n       align=\"center\" border=\"0\" cellpadding=\"0\" cellspacing=\"0\" width=\"100%\">\n    <tr style=\"margin: 0;\">\n        <td style=\"font-family: Arial, sans-serif; font-size: 16px; line-height: 1.42857143; margin: 0; letter-spacing: 0.5px; padding: 20px; \">\n            \n    \n        \n                <span style=\"font-size: 30px; font-weight: bold; padding: 0; \" title=\"Atelier\">\n    \n            Atelier\n    \n</span>\n\n            \n    \n\n        </td>\n    </tr>\n    <tr>\n        <td style=\"font-family: Arial, sans-serif; font-size: 16px; line-height: 1.42857143; margin: 0; letter-spacing: 0.5px; padding: 20px; \">\n            \n            \n    <p>Dear test1 test1,</p><p>To confirm your email address, please follow the link: <a href=\"http://0.0.0.0:8000/auth/confirm-email/9/889a36a2-04a9-11eb-b4d3-0242ac150004-376fe34c-a8c3-4fc4-8d71-bc6fdfc4927e/\">Confirm email</a></p>\n    <p>This is a system generated email from the localhost:8000 application.</p>\n\n        </td>\n    </tr>\n    \n        <tr>\n            <td style=\"font-family: Arial, sans-serif; font-size: 16px; line-height: 1.42857143; margin: 0; letter-spacing: 0.5px; padding-left: 20px; padding-right: 20px; color: #555; \">\n                \n  \n    \n  \n\n            </td>\n        </tr>\n    \n</table>\n</body>\n</html>\n--===============6064716866187684565==--\n"}}, {"model": "ievv_developemail.developemail", "pk": 4, "fields": {"created_datetime": "2020-10-02T13:08:35.961Z", "subject": "Atelier authentication code", "from_email": "noreply@test.com", "to_emails": "test2@mail.com", "raw_message": "Content-Type: multipart/alternative;\n boundary=\"===============4682423166444781377==\"\nMIME-Version: 1.0\nSubject: Atelier authentication code\nFrom: noreply@test.com\nTo: test2@mail.com\nDate: Fri, 02 Oct 2020 13:08:35 -0000\nMessage-ID: <160164411595.53.7758460016477893457@web>\n\n--===============4682423166444781377==\nContent-Type: text/plain; charset=\"utf-8\"\nMIME-Version: 1.0\nContent-Transfer-Encoding: 7bit\n\nAtelier authentication  \n---  \nDear test2 test2,  \n  \nThe authentication code is **Do4v**.  \n  \nThank you.\n\nThis is a system generated email from the localhost:8000 application.\n\n\n--===============4682423166444781377==\nContent-Type: text/html; charset=\"utf-8\"\nMIME-Version: 1.0\nContent-Transfer-Encoding: 7bit\n\n<!DOCTYPE html PUBLIC \"-//W3C//DTD XHTML 1.0 Transitional//EN\"\n        \"http://www.w3.org/TR/xhtml1/DTD/xhtml1-transitional.dtd\">\n<html xmlns=\"http://www.w3.org/1999/xhtml\">\n<head>\n    <meta http-equiv=\"Content-Type\" content=\"text/html; charset=UTF-8\"/>\n    <meta name=\"viewport\" content=\"width=device-width, initial-scale=1.0\"/>\n</head>\n<body leftmargin=\"0\" marginwidth=\"0\" topmargin=\"0\" marginheight=\"0\" offset=\"0\"\n      style=\"background-color: #fff;\">\n<table id=\"outer_wrapper_table\"\n       style=\"\"\n       align=\"center\" border=\"0\" cellpadding=\"0\" cellspacing=\"0\" width=\"100%\">\n    <tr style=\"margin: 0;\">\n        <td style=\"font-family: Arial, sans-serif; font-size: 16px; line-height: 1.42857143; margin: 0; letter-spacing: 0.5px; padding: 20px; \">\n            \n    \n        <span style=\"font-size: 30px; font-weight: bold; padding: 0; \">\n            Atelier authentication\n        </span>\n    \n\n        </td>\n    </tr>\n    <tr>\n        <td style=\"font-family: Arial, sans-serif; font-size: 16px; line-height: 1.42857143; margin: 0; letter-spacing: 0.5px; padding: 20px; \">\n            \n            \n    \n\nDear test2 test2,\n<br><br>\n\nThe authentication code is <strong>Do4v</strong>.\n<br><br>\n\nThank you.\n\n    <p>This is a system generated email from the localhost:8000 application.</p>\n\n        </td>\n    </tr>\n    \n        <tr>\n            <td style=\"font-family: Arial, sans-serif; font-size: 16px; line-height: 1.42857143; margin: 0; letter-spacing: 0.5px; padding-left: 20px; padding-right: 20px; color: #555; \">\n                \n  \n    \n  \n\n            </td>\n        </tr>\n    \n</table>\n</body>\n</html>\n--===============4682423166444781377==--\n"}}, {"model": "ievv_developemail.developemail", "pk": 5, "fields": {"created_datetime": "2020-10-02T13:12:29.405Z", "subject": "Atelier authentication code", "from_email": "noreply@test.com", "to_emails": "test2@mail.com", "raw_message": "Content-Type: multipart/alternative;\n boundary=\"===============7018302795965027716==\"\nMIME-Version: 1.0\nSubject: Atelier authentication code\nFrom: noreply@test.com\nTo: test2@mail.com\nDate: Fri, 02 Oct 2020 13:12:29 -0000\nMessage-ID: <160164434940.53.11001112759952417277@web>\n\n--===============7018302795965027716==\nContent-Type: text/plain; charset=\"utf-8\"\nMIME-Version: 1.0\nContent-Transfer-Encoding: 7bit\n\nAtelier authentication  \n---  \nDear test2 test2,  \n  \nThe authentication code is **fJZq**.  \n  \nThank you.\n\nThis is a system generated email from the localhost:8000 application.\n\n\n--===============7018302795965027716==\nContent-Type: text/html; charset=\"utf-8\"\nMIME-Version: 1.0\nContent-Transfer-Encoding: 7bit\n\n<!DOCTYPE html PUBLIC \"-//W3C//DTD XHTML 1.0 Transitional//EN\"\n        \"http://www.w3.org/TR/xhtml1/DTD/xhtml1-transitional.dtd\">\n<html xmlns=\"http://www.w3.org/1999/xhtml\">\n<head>\n    <meta http-equiv=\"Content-Type\" content=\"text/html; charset=UTF-8\"/>\n    <meta name=\"viewport\" content=\"width=device-width, initial-scale=1.0\"/>\n</head>\n<body leftmargin=\"0\" marginwidth=\"0\" topmargin=\"0\" marginheight=\"0\" offset=\"0\"\n      style=\"background-color: #fff;\">\n<table id=\"outer_wrapper_table\"\n       style=\"\"\n       align=\"center\" border=\"0\" cellpadding=\"0\" cellspacing=\"0\" width=\"100%\">\n    <tr style=\"margin: 0;\">\n        <td style=\"font-family: Arial, sans-serif; font-size: 16px; line-height: 1.42857143; margin: 0; letter-spacing: 0.5px; padding: 20px; \">\n            \n    \n        <span style=\"font-size: 30px; font-weight: bold; padding: 0; \">\n            Atelier authentication\n        </span>\n    \n\n        </td>\n    </tr>\n    <tr>\n        <td style=\"font-family: Arial, sans-serif; font-size: 16px; line-height: 1.42857143; margin: 0; letter-spacing: 0.5px; padding: 20px; \">\n            \n            \n    \n\nDear test2 test2,\n<br><br>\n\nThe authentication code is <strong>fJZq</strong>.\n<br><br>\n\nThank you.\n\n    <p>This is a system generated email from the localhost:8000 application.</p>\n\n        </td>\n    </tr>\n    \n        <tr>\n            <td style=\"font-family: Arial, sans-serif; font-size: 16px; line-height: 1.42857143; margin: 0; letter-spacing: 0.5px; padding-left: 20px; padding-right: 20px; color: #555; \">\n                \n  \n    \n  \n\n            </td>\n        </tr>\n    \n</table>\n</body>\n</html>\n--===============7018302795965027716==--\n"}}, {"model": "ievv_developemail.developemail", "pk": 6, "fields": {"created_datetime": "2020-10-02T13:19:41.087Z", "subject": "One time login code not received", "from_email": "noreply@test.com", "to_emails": "admin@atelier.xyz", "raw_message": "Content-Type: multipart/alternative;\n boundary=\"===============0102193258113079445==\"\nMIME-Version: 1.0\nSubject: One time login code not received\nFrom: noreply@test.com\nTo: admin@atelier.xyz\nDate: Fri, 02 Oct 2020 13:19:41 -0000\nMessage-ID: <160164478108.100.7250580547008942952@web>\n\n--===============0102193258113079445==\nContent-Type: text/plain; charset=\"utf-8\"\nMIME-Version: 1.0\nContent-Transfer-Encoding: 7bit\n\nAtelier  \n---  \n  \nHi, Flexit admin!,\n\nThere was a problem with log in using one time code. See detail below\n\nUser: test2 test2 <id: 11>\n\nOn: 2020-10-02 13:19:40.020283+00:00\n\nLogin type: email\n\nThis is a system generated email from the localhost:8000 application.\n\n\n--===============0102193258113079445==\nContent-Type: text/html; charset=\"utf-8\"\nMIME-Version: 1.0\nContent-Transfer-Encoding: 7bit\n\n<!DOCTYPE html PUBLIC \"-//W3C//DTD XHTML 1.0 Transitional//EN\"\n        \"http://www.w3.org/TR/xhtml1/DTD/xhtml1-transitional.dtd\">\n<html xmlns=\"http://www.w3.org/1999/xhtml\">\n<head>\n    <meta http-equiv=\"Content-Type\" content=\"text/html; charset=UTF-8\"/>\n    <meta name=\"viewport\" content=\"width=device-width, initial-scale=1.0\"/>\n</head>\n<body leftmargin=\"0\" marginwidth=\"0\" topmargin=\"0\" marginheight=\"0\" offset=\"0\"\n      style=\"background-color: #fff;\">\n<table id=\"outer_wrapper_table\"\n       style=\"\"\n       align=\"center\" border=\"0\" cellpadding=\"0\" cellspacing=\"0\" width=\"100%\">\n    <tr style=\"margin: 0;\">\n        <td style=\"font-family: Arial, sans-serif; font-size: 16px; line-height: 1.42857143; margin: 0; letter-spacing: 0.5px; padding: 20px; \">\n            \n    \n        \n                <span style=\"font-size: 30px; font-weight: bold; padding: 0; \" title=\"Atelier\">\n    \n            Atelier\n    \n</span>\n\n            \n    \n\n        </td>\n    </tr>\n    <tr>\n        <td style=\"font-family: Arial, sans-serif; font-size: 16px; line-height: 1.42857143; margin: 0; letter-spacing: 0.5px; padding: 20px; \">\n            \n            \n    <p>Hi, Flexit admin!,</p><p>There was a problem with log in using one time code. See detail below</p><p>User: test2 test2 &lt;id: 11&gt; </p><p>On: 2020-10-02 13:19:40.020283+00:00 </p><p>Login type: email </p>\n    <p>This is a system generated email from the localhost:8000 application.</p>\n\n        </td>\n    </tr>\n    \n        <tr>\n            <td style=\"font-family: Arial, sans-serif; font-size: 16px; line-height: 1.42857143; margin: 0; letter-spacing: 0.5px; padding-left: 20px; padding-right: 20px; color: #555; \">\n                \n  \n    \n  \n\n            </td>\n        </tr>\n    \n</table>\n</body>\n</html>\n--===============0102193258113079445==--\n"}}, {"model": "ievv_developemail.developemail", "pk": 7, "fields": {"created_datetime": "2020-10-02T13:21:38.213Z", "subject": "One time login code not received", "from_email": "noreply@test.com", "to_emails": "admin@atelier.xyz", "raw_message": "Content-Type: multipart/alternative;\n boundary=\"===============7027654610138882412==\"\nMIME-Version: 1.0\nSubject: One time login code not received\nFrom: noreply@test.com\nTo: admin@atelier.xyz\nDate: Fri, 02 Oct 2020 13:21:38 -0000\nMessage-ID: <160164489821.100.13111491159154735205@web>\n\n--===============7027654610138882412==\nContent-Type: text/plain; charset=\"utf-8\"\nMIME-Version: 1.0\nContent-Transfer-Encoding: 7bit\n\nAtelier  \n---  \n  \nHi, Flexit admin!,\n\nThere was a problem with log in using one time code. See detail below\n\nUser: test2 test2 <id: 11>\n\nOn: 2020-10-02 13:21:37.155567+00:00\n\nLogin type: email\n\nThis is a system generated email from the localhost:8000 application.\n\n\n--===============7027654610138882412==\nContent-Type: text/html; charset=\"utf-8\"\nMIME-Version: 1.0\nContent-Transfer-Encoding: 7bit\n\n<!DOCTYPE html PUBLIC \"-//W3C//DTD XHTML 1.0 Transitional//EN\"\n        \"http://www.w3.org/TR/xhtml1/DTD/xhtml1-transitional.dtd\">\n<html xmlns=\"http://www.w3.org/1999/xhtml\">\n<head>\n    <meta http-equiv=\"Content-Type\" content=\"text/html; charset=UTF-8\"/>\n    <meta name=\"viewport\" content=\"width=device-width, initial-scale=1.0\"/>\n</head>\n<body leftmargin=\"0\" marginwidth=\"0\" topmargin=\"0\" marginheight=\"0\" offset=\"0\"\n      style=\"background-color: #fff;\">\n<table id=\"outer_wrapper_table\"\n       style=\"\"\n       align=\"center\" border=\"0\" cellpadding=\"0\" cellspacing=\"0\" width=\"100%\">\n    <tr style=\"margin: 0;\">\n        <td style=\"font-family: Arial, sans-serif; font-size: 16px; line-height: 1.42857143; margin: 0; letter-spacing: 0.5px; padding: 20px; \">\n            \n    \n        \n                <span style=\"font-size: 30px; font-weight: bold; padding: 0; \" title=\"Atelier\">\n    \n            Atelier\n    \n</span>\n\n            \n    \n\n        </td>\n    </tr>\n    <tr>\n        <td style=\"font-family: Arial, sans-serif; font-size: 16px; line-height: 1.42857143; margin: 0; letter-spacing: 0.5px; padding: 20px; \">\n            \n            \n    <p>Hi, Flexit admin!,</p><p>There was a problem with log in using one time code. See detail below</p><p>User: test2 test2 &lt;id: 11&gt; </p><p>On: 2020-10-02 13:21:37.155567+00:00 </p><p>Login type: email </p>\n    <p>This is a system generated email from the localhost:8000 application.</p>\n\n        </td>\n    </tr>\n    \n        <tr>\n            <td style=\"font-family: Arial, sans-serif; font-size: 16px; line-height: 1.42857143; margin: 0; letter-spacing: 0.5px; padding-left: 20px; padding-right: 20px; color: #555; \">\n                \n  \n    \n  \n\n            </td>\n        </tr>\n    \n</table>\n</body>\n</html>\n--===============7027654610138882412==--\n"}}, {"model": "ievv_developemail.developemail", "pk": 8, "fields": {"created_datetime": "2020-10-02T13:24:47.971Z", "subject": "One time login code not received", "from_email": "noreply@test.com", "to_emails": "admin@atelier.xyz", "raw_message": "Content-Type: multipart/alternative;\n boundary=\"===============1933195275103071693==\"\nMIME-Version: 1.0\nSubject: One time login code not received\nFrom: noreply@test.com\nTo: admin@atelier.xyz\nDate: Fri, 02 Oct 2020 13:24:47 -0000\nMessage-ID: <160164508796.100.4498468558645254544@web>\n\n--===============1933195275103071693==\nContent-Type: text/plain; charset=\"utf-8\"\nMIME-Version: 1.0\nContent-Transfer-Encoding: 7bit\n\nAtelier  \n---  \n  \nHi, Flexit admin!,\n\nThere was a problem with log in using one time code. See detail below\n\nUser: test2 test2 <id: 11>\n\nOn: 2020-10-02 13:24:46.914834+00:00\n\nLogin type: email\n\nThis is a system generated email from the localhost:8000 application.\n\n\n--===============1933195275103071693==\nContent-Type: text/html; charset=\"utf-8\"\nMIME-Version: 1.0\nContent-Transfer-Encoding: 7bit\n\n<!DOCTYPE html PUBLIC \"-//W3C//DTD XHTML 1.0 Transitional//EN\"\n        \"http://www.w3.org/TR/xhtml1/DTD/xhtml1-transitional.dtd\">\n<html xmlns=\"http://www.w3.org/1999/xhtml\">\n<head>\n    <meta http-equiv=\"Content-Type\" content=\"text/html; charset=UTF-8\"/>\n    <meta name=\"viewport\" content=\"width=device-width, initial-scale=1.0\"/>\n</head>\n<body leftmargin=\"0\" marginwidth=\"0\" topmargin=\"0\" marginheight=\"0\" offset=\"0\"\n      style=\"background-color: #fff;\">\n<table id=\"outer_wrapper_table\"\n       style=\"\"\n       align=\"center\" border=\"0\" cellpadding=\"0\" cellspacing=\"0\" width=\"100%\">\n    <tr style=\"margin: 0;\">\n        <td style=\"font-family: Arial, sans-serif; font-size: 16px; line-height: 1.42857143; margin: 0; letter-spacing: 0.5px; padding: 20px; \">\n            \n    \n        \n                <span style=\"font-size: 30px; font-weight: bold; padding: 0; \" title=\"Atelier\">\n    \n            Atelier\n    \n</span>\n\n            \n    \n\n        </td>\n    </tr>\n    <tr>\n        <td style=\"font-family: Arial, sans-serif; font-size: 16px; line-height: 1.42857143; margin: 0; letter-spacing: 0.5px; padding: 20px; \">\n            \n            \n    <p>Hi, Flexit admin!,</p><p>There was a problem with log in using one time code. See detail below</p><p>User: test2 test2 &lt;id: 11&gt; </p><p>On: 2020-10-02 13:24:46.914834+00:00 </p><p>Login type: email </p>\n    <p>This is a system generated email from the localhost:8000 application.</p>\n\n        </td>\n    </tr>\n    \n        <tr>\n            <td style=\"font-family: Arial, sans-serif; font-size: 16px; line-height: 1.42857143; margin: 0; letter-spacing: 0.5px; padding-left: 20px; padding-right: 20px; color: #555; \">\n                \n  \n    \n  \n\n            </td>\n        </tr>\n    \n</table>\n</body>\n</html>\n--===============1933195275103071693==--\n"}}, {"model": "ievv_developemail.developemail", "pk": 9, "fields": {"created_datetime": "2020-10-02T13:27:05.827Z", "subject": "One time login code not received", "from_email": "noreply@test.com", "to_emails": "admin@atelier.xyz", "raw_message": "Content-Type: multipart/alternative;\n boundary=\"===============1310455494753400678==\"\nMIME-Version: 1.0\nSubject: One time login code not received\nFrom: noreply@test.com\nTo: admin@atelier.xyz\nDate: Fri, 02 Oct 2020 13:27:05 -0000\nMessage-ID: <160164522582.100.16753668525366200276@web>\n\n--===============1310455494753400678==\nContent-Type: text/plain; charset=\"utf-8\"\nMIME-Version: 1.0\nContent-Transfer-Encoding: 7bit\n\nAtelier  \n---  \n  \nHi, Flexit admin!,\n\nThere was a problem with log in using one time code. See detail below\n\nUser: test2 test2 <id: 11>\n\nOn: 2020-10-02 13:27:04.758011+00:00\n\nLogin type: email\n\nThis is a system generated email from the localhost:8000 application.\n\n\n--===============1310455494753400678==\nContent-Type: text/html; charset=\"utf-8\"\nMIME-Version: 1.0\nContent-Transfer-Encoding: 7bit\n\n<!DOCTYPE html PUBLIC \"-//W3C//DTD XHTML 1.0 Transitional//EN\"\n        \"http://www.w3.org/TR/xhtml1/DTD/xhtml1-transitional.dtd\">\n<html xmlns=\"http://www.w3.org/1999/xhtml\">\n<head>\n    <meta http-equiv=\"Content-Type\" content=\"text/html; charset=UTF-8\"/>\n    <meta name=\"viewport\" content=\"width=device-width, initial-scale=1.0\"/>\n</head>\n<body leftmargin=\"0\" marginwidth=\"0\" topmargin=\"0\" marginheight=\"0\" offset=\"0\"\n      style=\"background-color: #fff;\">\n<table id=\"outer_wrapper_table\"\n       style=\"\"\n       align=\"center\" border=\"0\" cellpadding=\"0\" cellspacing=\"0\" width=\"100%\">\n    <tr style=\"margin: 0;\">\n        <td style=\"font-family: Arial, sans-serif; font-size: 16px; line-height: 1.42857143; margin: 0; letter-spacing: 0.5px; padding: 20px; \">\n            \n    \n        \n                <span style=\"font-size: 30px; font-weight: bold; padding: 0; \" title=\"Atelier\">\n    \n            Atelier\n    \n</span>\n\n            \n    \n\n        </td>\n    </tr>\n    <tr>\n        <td style=\"font-family: Arial, sans-serif; font-size: 16px; line-height: 1.42857143; margin: 0; letter-spacing: 0.5px; padding: 20px; \">\n            \n            \n    <p>Hi, Flexit admin!,</p><p>There was a problem with log in using one time code. See detail below</p><p>User: test2 test2 &lt;id: 11&gt; </p><p>On: 2020-10-02 13:27:04.758011+00:00 </p><p>Login type: email </p>\n    <p>This is a system generated email from the localhost:8000 application.</p>\n\n        </td>\n    </tr>\n    \n        <tr>\n            <td style=\"font-family: Arial, sans-serif; font-size: 16px; line-height: 1.42857143; margin: 0; letter-spacing: 0.5px; padding-left: 20px; padding-right: 20px; color: #555; \">\n                \n  \n    \n  \n\n            </td>\n        </tr>\n    \n</table>\n</body>\n</html>\n--===============1310455494753400678==--\n"}}, {"model": "ievv_developemail.developemail", "pk": 10, "fields": {"created_datetime": "2020-10-02T13:27:50.332Z", "subject": "One time login code not received", "from_email": "noreply@test.com", "to_emails": "admin@atelier.xyz", "raw_message": "Content-Type: multipart/alternative;\n boundary=\"===============0745767171068875029==\"\nMIME-Version: 1.0\nSubject: One time login code not received\nFrom: noreply@test.com\nTo: admin@atelier.xyz\nDate: Fri, 02 Oct 2020 13:27:50 -0000\nMessage-ID: <160164527033.100.16195625947071008873@web>\n\n--===============0745767171068875029==\nContent-Type: text/plain; charset=\"utf-8\"\nMIME-Version: 1.0\nContent-Transfer-Encoding: 7bit\n\nAtelier  \n---  \n  \nHi, Flexit admin!,\n\nThere was a problem with log in using one time code. See detail below\n\nUser: test2 test2 <id: 11>\n\nOn: 2020-10-02 13:27:49.270732+00:00\n\nLogin type: email\n\nThis is a system generated email from the localhost:8000 application.\n\n\n--===============0745767171068875029==\nContent-Type: text/html; charset=\"utf-8\"\nMIME-Version: 1.0\nContent-Transfer-Encoding: 7bit\n\n<!DOCTYPE html PUBLIC \"-//W3C//DTD XHTML 1.0 Transitional//EN\"\n        \"http://www.w3.org/TR/xhtml1/DTD/xhtml1-transitional.dtd\">\n<html xmlns=\"http://www.w3.org/1999/xhtml\">\n<head>\n    <meta http-equiv=\"Content-Type\" content=\"text/html; charset=UTF-8\"/>\n    <meta name=\"viewport\" content=\"width=device-width, initial-scale=1.0\"/>\n</head>\n<body leftmargin=\"0\" marginwidth=\"0\" topmargin=\"0\" marginheight=\"0\" offset=\"0\"\n      style=\"background-color: #fff;\">\n<table id=\"outer_wrapper_table\"\n       style=\"\"\n       align=\"center\" border=\"0\" cellpadding=\"0\" cellspacing=\"0\" width=\"100%\">\n    <tr style=\"margin: 0;\">\n        <td style=\"font-family: Arial, sans-serif; font-size: 16px; line-height: 1.42857143; margin: 0; letter-spacing: 0.5px; padding: 20px; \">\n            \n    \n        \n                <span style=\"font-size: 30px; font-weight: bold; padding: 0; \" title=\"Atelier\">\n    \n            Atelier\n    \n</span>\n\n            \n    \n\n        </td>\n    </tr>\n    <tr>\n        <td style=\"font-family: Arial, sans-serif; font-size: 16px; line-height: 1.42857143; margin: 0; letter-spacing: 0.5px; padding: 20px; \">\n            \n            \n    <p>Hi, Flexit admin!,</p><p>There was a problem with log in using one time code. See detail below</p><p>User: test2 test2 &lt;id: 11&gt; </p><p>On: 2020-10-02 13:27:49.270732+00:00 </p><p>Login type: email </p>\n    <p>This is a system generated email from the localhost:8000 application.</p>\n\n        </td>\n    </tr>\n    \n        <tr>\n            <td style=\"font-family: Arial, sans-serif; font-size: 16px; line-height: 1.42857143; margin: 0; letter-spacing: 0.5px; padding-left: 20px; padding-right: 20px; color: #555; \">\n                \n  \n    \n  \n\n            </td>\n        </tr>\n    \n</table>\n</body>\n</html>\n--===============0745767171068875029==--\n"}}, {"model": "ievv_developemail.developemail", "pk": 11, "fields": {"created_datetime": "2020-10-02T13:28:33.151Z", "subject": "One time login code not received", "from_email": "noreply@test.com", "to_emails": "admin@atelier.xyz", "raw_message": "Content-Type: multipart/alternative;\n boundary=\"===============0522331709646293211==\"\nMIME-Version: 1.0\nSubject: One time login code not received\nFrom: noreply@test.com\nTo: admin@atelier.xyz\nDate: Fri, 02 Oct 2020 13:28:33 -0000\nMessage-ID: <160164531314.100.2733899403919562456@web>\n\n--===============0522331709646293211==\nContent-Type: text/plain; charset=\"utf-8\"\nMIME-Version: 1.0\nContent-Transfer-Encoding: 7bit\n\nAtelier  \n---  \n  \nHi, Flexit admin!,\n\nThere was a problem with log in using one time code. See detail below\n\nUser: test2 test2 <id: 11>\n\nOn: 2020-10-02 13:28:32.074027+00:00\n\nLogin type: email\n\nThis is a system generated email from the localhost:8000 application.\n\n\n--===============0522331709646293211==\nContent-Type: text/html; charset=\"utf-8\"\nMIME-Version: 1.0\nContent-Transfer-Encoding: 7bit\n\n<!DOCTYPE html PUBLIC \"-//W3C//DTD XHTML 1.0 Transitional//EN\"\n        \"http://www.w3.org/TR/xhtml1/DTD/xhtml1-transitional.dtd\">\n<html xmlns=\"http://www.w3.org/1999/xhtml\">\n<head>\n    <meta http-equiv=\"Content-Type\" content=\"text/html; charset=UTF-8\"/>\n    <meta name=\"viewport\" content=\"width=device-width, initial-scale=1.0\"/>\n</head>\n<body leftmargin=\"0\" marginwidth=\"0\" topmargin=\"0\" marginheight=\"0\" offset=\"0\"\n      style=\"background-color: #fff;\">\n<table id=\"outer_wrapper_table\"\n       style=\"\"\n       align=\"center\" border=\"0\" cellpadding=\"0\" cellspacing=\"0\" width=\"100%\">\n    <tr style=\"margin: 0;\">\n        <td style=\"font-family: Arial, sans-serif; font-size: 16px; line-height: 1.42857143; margin: 0; letter-spacing: 0.5px; padding: 20px; \">\n            \n    \n        \n                <span style=\"font-size: 30px; font-weight: bold; padding: 0; \" title=\"Atelier\">\n    \n            Atelier\n    \n</span>\n\n            \n    \n\n        </td>\n    </tr>\n    <tr>\n        <td style=\"font-family: Arial, sans-serif; font-size: 16px; line-height: 1.42857143; margin: 0; letter-spacing: 0.5px; padding: 20px; \">\n            \n            \n    <p>Hi, Flexit admin!,</p><p>There was a problem with log in using one time code. See detail below</p><p>User: test2 test2 &lt;id: 11&gt; </p><p>On: 2020-10-02 13:28:32.074027+00:00 </p><p>Login type: email </p>\n    <p>This is a system generated email from the localhost:8000 application.</p>\n\n        </td>\n    </tr>\n    \n        <tr>\n            <td style=\"font-family: Arial, sans-serif; font-size: 16px; line-height: 1.42857143; margin: 0; letter-spacing: 0.5px; padding-left: 20px; padding-right: 20px; color: #555; \">\n                \n  \n    \n  \n\n            </td>\n        </tr>\n    \n</table>\n</body>\n</html>\n--===============0522331709646293211==--\n"}}, {"model": "ievv_developemail.developemail", "pk": 12, "fields": {"created_datetime": "2020-10-02T13:29:08.724Z", "subject": "One time login code not received", "from_email": "noreply@test.com", "to_emails": "admin@atelier.xyz", "raw_message": "Content-Type: multipart/alternative;\n boundary=\"===============6782134202084344030==\"\nMIME-Version: 1.0\nSubject: One time login code not received\nFrom: noreply@test.com\nTo: admin@atelier.xyz\nDate: Fri, 02 Oct 2020 13:29:08 -0000\nMessage-ID: <160164534872.100.3804238465715735778@web>\n\n--===============6782134202084344030==\nContent-Type: text/plain; charset=\"utf-8\"\nMIME-Version: 1.0\nContent-Transfer-Encoding: 7bit\n\nAtelier  \n---  \n  \nHi, Flexit admin!,\n\nThere was a problem with log in using one time code. See detail below\n\nUser: test2 test2 <id: 11>\n\nOn: 2020-10-02 13:29:07.667192+00:00\n\nLogin type: email\n\nThis is a system generated email from the localhost:8000 application.\n\n\n--===============6782134202084344030==\nContent-Type: text/html; charset=\"utf-8\"\nMIME-Version: 1.0\nContent-Transfer-Encoding: 7bit\n\n<!DOCTYPE html PUBLIC \"-//W3C//DTD XHTML 1.0 Transitional//EN\"\n        \"http://www.w3.org/TR/xhtml1/DTD/xhtml1-transitional.dtd\">\n<html xmlns=\"http://www.w3.org/1999/xhtml\">\n<head>\n    <meta http-equiv=\"Content-Type\" content=\"text/html; charset=UTF-8\"/>\n    <meta name=\"viewport\" content=\"width=device-width, initial-scale=1.0\"/>\n</head>\n<body leftmargin=\"0\" marginwidth=\"0\" topmargin=\"0\" marginheight=\"0\" offset=\"0\"\n      style=\"background-color: #fff;\">\n<table id=\"outer_wrapper_table\"\n       style=\"\"\n       align=\"center\" border=\"0\" cellpadding=\"0\" cellspacing=\"0\" width=\"100%\">\n    <tr style=\"margin: 0;\">\n        <td style=\"font-family: Arial, sans-serif; font-size: 16px; line-height: 1.42857143; margin: 0; letter-spacing: 0.5px; padding: 20px; \">\n            \n    \n        \n                <span style=\"font-size: 30px; font-weight: bold; padding: 0; \" title=\"Atelier\">\n    \n            Atelier\n    \n</span>\n\n            \n    \n\n        </td>\n    </tr>\n    <tr>\n        <td style=\"font-family: Arial, sans-serif; font-size: 16px; line-height: 1.42857143; margin: 0; letter-spacing: 0.5px; padding: 20px; \">\n            \n            \n    <p>Hi, Flexit admin!,</p><p>There was a problem with log in using one time code. See detail below</p><p>User: test2 test2 &lt;id: 11&gt; </p><p>On: 2020-10-02 13:29:07.667192+00:00 </p><p>Login type: email </p>\n    <p>This is a system generated email from the localhost:8000 application.</p>\n\n        </td>\n    </tr>\n    \n        <tr>\n            <td style=\"font-family: Arial, sans-serif; font-size: 16px; line-height: 1.42857143; margin: 0; letter-spacing: 0.5px; padding-left: 20px; padding-right: 20px; color: #555; \">\n                \n  \n    \n  \n\n            </td>\n        </tr>\n    \n</table>\n</body>\n</html>\n--===============6782134202084344030==--\n"}}, {"model": "ievv_developemail.developemail", "pk": 13, "fields": {"created_datetime": "2020-10-02T13:35:22.379Z", "subject": "One time login code not received", "from_email": "noreply@test.com", "to_emails": "admin@atelier.xyz", "raw_message": "Content-Type: multipart/alternative;\n boundary=\"===============7466974499554119365==\"\nMIME-Version: 1.0\nSubject: One time login code not received\nFrom: noreply@test.com\nTo: admin@atelier.xyz\nDate: Fri, 02 Oct 2020 13:35:22 -0000\nMessage-ID: <160164572237.100.12495067344249298289@web>\n\n--===============7466974499554119365==\nContent-Type: text/plain; charset=\"utf-8\"\nMIME-Version: 1.0\nContent-Transfer-Encoding: 7bit\n\nAtelier  \n---  \n  \nHi, Flexit admin!,\n\nThere was a problem with log in using one time code. See detail below\n\nUser: test2 test2 <id: 11>\n\nOn: 2020-10-02 13:35:21.307618+00:00\n\nLogin type: email\n\nThis is a system generated email from the localhost:8000 application.\n\n\n--===============7466974499554119365==\nContent-Type: text/html; charset=\"utf-8\"\nMIME-Version: 1.0\nContent-Transfer-Encoding: 7bit\n\n<!DOCTYPE html PUBLIC \"-//W3C//DTD XHTML 1.0 Transitional//EN\"\n        \"http://www.w3.org/TR/xhtml1/DTD/xhtml1-transitional.dtd\">\n<html xmlns=\"http://www.w3.org/1999/xhtml\">\n<head>\n    <meta http-equiv=\"Content-Type\" content=\"text/html; charset=UTF-8\"/>\n    <meta name=\"viewport\" content=\"width=device-width, initial-scale=1.0\"/>\n</head>\n<body leftmargin=\"0\" marginwidth=\"0\" topmargin=\"0\" marginheight=\"0\" offset=\"0\"\n      style=\"background-color: #fff;\">\n<table id=\"outer_wrapper_table\"\n       style=\"\"\n       align=\"center\" border=\"0\" cellpadding=\"0\" cellspacing=\"0\" width=\"100%\">\n    <tr style=\"margin: 0;\">\n        <td style=\"font-family: Arial, sans-serif; font-size: 16px; line-height: 1.42857143; margin: 0; letter-spacing: 0.5px; padding: 20px; \">\n            \n    \n        \n                <span style=\"font-size: 30px; font-weight: bold; padding: 0; \" title=\"Atelier\">\n    \n            Atelier\n    \n</span>\n\n            \n    \n\n        </td>\n    </tr>\n    <tr>\n        <td style=\"font-family: Arial, sans-serif; font-size: 16px; line-height: 1.42857143; margin: 0; letter-spacing: 0.5px; padding: 20px; \">\n            \n            \n    <p>Hi, Flexit admin!,</p><p>There was a problem with log in using one time code. See detail below</p><p>User: test2 test2 &lt;id: 11&gt; </p><p>On: 2020-10-02 13:35:21.307618+00:00 </p><p>Login type: email </p>\n    <p>This is a system generated email from the localhost:8000 application.</p>\n\n        </td>\n    </tr>\n    \n        <tr>\n            <td style=\"font-family: Arial, sans-serif; font-size: 16px; line-height: 1.42857143; margin: 0; letter-spacing: 0.5px; padding-left: 20px; padding-right: 20px; color: #555; \">\n                \n  \n    \n  \n\n            </td>\n        </tr>\n    \n</table>\n</body>\n</html>\n--===============7466974499554119365==--\n"}}, {"model": "ievv_developemail.developemail", "pk": 14, "fields": {"created_datetime": "2020-10-02T13:35:28.372Z", "subject": "One time login code not received", "from_email": "noreply@test.com", "to_emails": "admin@atelier.xyz", "raw_message": "Content-Type: multipart/alternative;\n boundary=\"===============2049457558581636449==\"\nMIME-Version: 1.0\nSubject: One time login code not received\nFrom: noreply@test.com\nTo: admin@atelier.xyz\nDate: Fri, 02 Oct 2020 13:35:28 -0000\nMessage-ID: <160164572837.100.6754067781631482211@web>\n\n--===============2049457558581636449==\nContent-Type: text/plain; charset=\"utf-8\"\nMIME-Version: 1.0\nContent-Transfer-Encoding: 7bit\n\nAtelier  \n---  \n  \nHi, Flexit admin!,\n\nThere was a problem with log in using one time code. See detail below\n\nUser: test2 test2 <id: 11>\n\nOn: 2020-10-02 13:35:27.310357+00:00\n\nLogin type: email\n\nThis is a system generated email from the localhost:8000 application.\n\n\n--===============2049457558581636449==\nContent-Type: text/html; charset=\"utf-8\"\nMIME-Version: 1.0\nContent-Transfer-Encoding: 7bit\n\n<!DOCTYPE html PUBLIC \"-//W3C//DTD XHTML 1.0 Transitional//EN\"\n        \"http://www.w3.org/TR/xhtml1/DTD/xhtml1-transitional.dtd\">\n<html xmlns=\"http://www.w3.org/1999/xhtml\">\n<head>\n    <meta http-equiv=\"Content-Type\" content=\"text/html; charset=UTF-8\"/>\n    <meta name=\"viewport\" content=\"width=device-width, initial-scale=1.0\"/>\n</head>\n<body leftmargin=\"0\" marginwidth=\"0\" topmargin=\"0\" marginheight=\"0\" offset=\"0\"\n      style=\"background-color: #fff;\">\n<table id=\"outer_wrapper_table\"\n       style=\"\"\n       align=\"center\" border=\"0\" cellpadding=\"0\" cellspacing=\"0\" width=\"100%\">\n    <tr style=\"margin: 0;\">\n        <td style=\"font-family: Arial, sans-serif; font-size: 16px; line-height: 1.42857143; margin: 0; letter-spacing: 0.5px; padding: 20px; \">\n            \n    \n        \n                <span style=\"font-size: 30px; font-weight: bold; padding: 0; \" title=\"Atelier\">\n    \n            Atelier\n    \n</span>\n\n            \n    \n\n        </td>\n    </tr>\n    <tr>\n        <td style=\"font-family: Arial, sans-serif; font-size: 16px; line-height: 1.42857143; margin: 0; letter-spacing: 0.5px; padding: 20px; \">\n            \n            \n    <p>Hi, Flexit admin!,</p><p>There was a problem with log in using one time code. See detail below</p><p>User: test2 test2 &lt;id: 11&gt; </p><p>On: 2020-10-02 13:35:27.310357+00:00 </p><p>Login type: email </p>\n    <p>This is a system generated email from the localhost:8000 application.</p>\n\n        </td>\n    </tr>\n    \n        <tr>\n            <td style=\"font-family: Arial, sans-serif; font-size: 16px; line-height: 1.42857143; margin: 0; letter-spacing: 0.5px; padding-left: 20px; padding-right: 20px; color: #555; \">\n                \n  \n    \n  \n\n            </td>\n        </tr>\n    \n</table>\n</body>\n</html>\n--===============2049457558581636449==--\n"}}, {"model": "ievv_developemail.developemail", "pk": 15, "fields": {"created_datetime": "2020-10-02T13:35:36.976Z", "subject": "One time login code not received", "from_email": "noreply@test.com", "to_emails": "admin@atelier.xyz", "raw_message": "Content-Type: multipart/alternative;\n boundary=\"===============4591149433314872653==\"\nMIME-Version: 1.0\nSubject: One time login code not received\nFrom: noreply@test.com\nTo: admin@atelier.xyz\nDate: Fri, 02 Oct 2020 13:35:36 -0000\nMessage-ID: <160164573697.100.14748303080252392189@web>\n\n--===============4591149433314872653==\nContent-Type: text/plain; charset=\"utf-8\"\nMIME-Version: 1.0\nContent-Transfer-Encoding: 7bit\n\nAtelier  \n---  \n  \nHi, Flexit admin!,\n\nThere was a problem with log in using one time code. See detail below\n\nUser: test2 test2 <id: 11>\n\nOn: 2020-10-02 13:35:35.914885+00:00\n\nLogin type: email\n\nThis is a system generated email from the localhost:8000 application.\n\n\n--===============4591149433314872653==\nContent-Type: text/html; charset=\"utf-8\"\nMIME-Version: 1.0\nContent-Transfer-Encoding: 7bit\n\n<!DOCTYPE html PUBLIC \"-//W3C//DTD XHTML 1.0 Transitional//EN\"\n        \"http://www.w3.org/TR/xhtml1/DTD/xhtml1-transitional.dtd\">\n<html xmlns=\"http://www.w3.org/1999/xhtml\">\n<head>\n    <meta http-equiv=\"Content-Type\" content=\"text/html; charset=UTF-8\"/>\n    <meta name=\"viewport\" content=\"width=device-width, initial-scale=1.0\"/>\n</head>\n<body leftmargin=\"0\" marginwidth=\"0\" topmargin=\"0\" marginheight=\"0\" offset=\"0\"\n      style=\"background-color: #fff;\">\n<table id=\"outer_wrapper_table\"\n       style=\"\"\n       align=\"center\" border=\"0\" cellpadding=\"0\" cellspacing=\"0\" width=\"100%\">\n    <tr style=\"margin: 0;\">\n        <td style=\"font-family: Arial, sans-serif; font-size: 16px; line-height: 1.42857143; margin: 0; letter-spacing: 0.5px; padding: 20px; \">\n            \n    \n        \n                <span style=\"font-size: 30px; font-weight: bold; padding: 0; \" title=\"Atelier\">\n    \n            Atelier\n    \n</span>\n\n            \n    \n\n        </td>\n    </tr>\n    <tr>\n        <td style=\"font-family: Arial, sans-serif; font-size: 16px; line-height: 1.42857143; margin: 0; letter-spacing: 0.5px; padding: 20px; \">\n            \n            \n    <p>Hi, Flexit admin!,</p><p>There was a problem with log in using one time code. See detail below</p><p>User: test2 test2 &lt;id: 11&gt; </p><p>On: 2020-10-02 13:35:35.914885+00:00 </p><p>Login type: email </p>\n    <p>This is a system generated email from the localhost:8000 application.</p>\n\n        </td>\n    </tr>\n    \n        <tr>\n            <td style=\"font-family: Arial, sans-serif; font-size: 16px; line-height: 1.42857143; margin: 0; letter-spacing: 0.5px; padding-left: 20px; padding-right: 20px; color: #555; \">\n                \n  \n    \n  \n\n            </td>\n        </tr>\n    \n</table>\n</body>\n</html>\n--===============4591149433314872653==--\n"}}, {"model": "ievv_developemail.developemail", "pk": 16, "fields": {"created_datetime": "2020-10-02T13:36:23.053Z", "subject": "Atelier authentication code", "from_email": "noreply@test.com", "to_emails": "test2@mail.com", "raw_message": "Content-Type: multipart/alternative;\n boundary=\"===============2539539298664602011==\"\nMIME-Version: 1.0\nSubject: Atelier authentication code\nFrom: noreply@test.com\nTo: test2@mail.com\nDate: Fri, 02 Oct 2020 13:36:23 -0000\nMessage-ID: <160164578305.100.10377235612416970608@web>\n\n--===============2539539298664602011==\nContent-Type: text/plain; charset=\"utf-8\"\nMIME-Version: 1.0\nContent-Transfer-Encoding: 7bit\n\nAtelier authentication  \n---  \nDear test2 test2,  \n  \nThe authentication code is **TtUA**.  \n  \nThank you.\n\nThis is a system generated email from the localhost:8000 application.\n\n\n--===============2539539298664602011==\nContent-Type: text/html; charset=\"utf-8\"\nMIME-Version: 1.0\nContent-Transfer-Encoding: 7bit\n\n<!DOCTYPE html PUBLIC \"-//W3C//DTD XHTML 1.0 Transitional//EN\"\n        \"http://www.w3.org/TR/xhtml1/DTD/xhtml1-transitional.dtd\">\n<html xmlns=\"http://www.w3.org/1999/xhtml\">\n<head>\n    <meta http-equiv=\"Content-Type\" content=\"text/html; charset=UTF-8\"/>\n    <meta name=\"viewport\" content=\"width=device-width, initial-scale=1.0\"/>\n</head>\n<body leftmargin=\"0\" marginwidth=\"0\" topmargin=\"0\" marginheight=\"0\" offset=\"0\"\n      style=\"background-color: #fff;\">\n<table id=\"outer_wrapper_table\"\n       style=\"\"\n       align=\"center\" border=\"0\" cellpadding=\"0\" cellspacing=\"0\" width=\"100%\">\n    <tr style=\"margin: 0;\">\n        <td style=\"font-family: Arial, sans-serif; font-size: 16px; line-height: 1.42857143; margin: 0; letter-spacing: 0.5px; padding: 20px; \">\n            \n    \n        <span style=\"font-size: 30px; font-weight: bold; padding: 0; \">\n            Atelier authentication\n        </span>\n    \n\n        </td>\n    </tr>\n    <tr>\n        <td style=\"font-family: Arial, sans-serif; font-size: 16px; line-height: 1.42857143; margin: 0; letter-spacing: 0.5px; padding: 20px; \">\n            \n            \n    \n\nDear test2 test2,\n<br><br>\n\nThe authentication code is <strong>TtUA</strong>.\n<br><br>\n\nThank you.\n\n    <p>This is a system generated email from the localhost:8000 application.</p>\n\n        </td>\n    </tr>\n    \n        <tr>\n            <td style=\"font-family: Arial, sans-serif; font-size: 16px; line-height: 1.42857143; margin: 0; letter-spacing: 0.5px; padding-left: 20px; padding-right: 20px; color: #555; \">\n                \n  \n    \n  \n\n            </td>\n        </tr>\n    \n</table>\n</body>\n</html>\n--===============2539539298664602011==--\n"}}, {"model": "ievv_developemail.developemail", "pk": 17, "fields": {"created_datetime": "2020-10-02T13:36:38.148Z", "subject": "One time login code not received", "from_email": "noreply@test.com", "to_emails": "admin@atelier.xyz", "raw_message": "Content-Type: multipart/alternative;\n boundary=\"===============2170931937168466831==\"\nMIME-Version: 1.0\nSubject: One time login code not received\nFrom: noreply@test.com\nTo: admin@atelier.xyz\nDate: Fri, 02 Oct 2020 13:36:38 -0000\nMessage-ID: <160164579814.100.16936422603771159153@web>\n\n--===============2170931937168466831==\nContent-Type: text/plain; charset=\"utf-8\"\nMIME-Version: 1.0\nContent-Transfer-Encoding: 7bit\n\nAtelier  \n---  \n  \nHi, Flexit admin!,\n\nThere was a problem with log in using one time code. See detail below\n\nUser: test2 test2 <id: 11>\n\nOn: 2020-10-02 13:36:37.074002+00:00\n\nLogin type: email\n\nThis is a system generated email from the localhost:8000 application.\n\n\n--===============2170931937168466831==\nContent-Type: text/html; charset=\"utf-8\"\nMIME-Version: 1.0\nContent-Transfer-Encoding: 7bit\n\n<!DOCTYPE html PUBLIC \"-//W3C//DTD XHTML 1.0 Transitional//EN\"\n        \"http://www.w3.org/TR/xhtml1/DTD/xhtml1-transitional.dtd\">\n<html xmlns=\"http://www.w3.org/1999/xhtml\">\n<head>\n    <meta http-equiv=\"Content-Type\" content=\"text/html; charset=UTF-8\"/>\n    <meta name=\"viewport\" content=\"width=device-width, initial-scale=1.0\"/>\n</head>\n<body leftmargin=\"0\" marginwidth=\"0\" topmargin=\"0\" marginheight=\"0\" offset=\"0\"\n      style=\"background-color: #fff;\">\n<table id=\"outer_wrapper_table\"\n       style=\"\"\n       align=\"center\" border=\"0\" cellpadding=\"0\" cellspacing=\"0\" width=\"100%\">\n    <tr style=\"margin: 0;\">\n        <td style=\"font-family: Arial, sans-serif; font-size: 16px; line-height: 1.42857143; margin: 0; letter-spacing: 0.5px; padding: 20px; \">\n            \n    \n        \n                <span style=\"font-size: 30px; font-weight: bold; padding: 0; \" title=\"Atelier\">\n    \n            Atelier\n    \n</span>\n\n            \n    \n\n        </td>\n    </tr>\n    <tr>\n        <td style=\"font-family: Arial, sans-serif; font-size: 16px; line-height: 1.42857143; margin: 0; letter-spacing: 0.5px; padding: 20px; \">\n            \n            \n    <p>Hi, Flexit admin!,</p><p>There was a problem with log in using one time code. See detail below</p><p>User: test2 test2 &lt;id: 11&gt; </p><p>On: 2020-10-02 13:36:37.074002+00:00 </p><p>Login type: email </p>\n    <p>This is a system generated email from the localhost:8000 application.</p>\n\n        </td>\n    </tr>\n    \n        <tr>\n            <td style=\"font-family: Arial, sans-serif; font-size: 16px; line-height: 1.42857143; margin: 0; letter-spacing: 0.5px; padding-left: 20px; padding-right: 20px; color: #555; \">\n                \n  \n    \n  \n\n            </td>\n        </tr>\n    \n</table>\n</body>\n</html>\n--===============2170931937168466831==--\n"}}, {"model": "ievv_developemail.developemail", "pk": 18, "fields": {"created_datetime": "2020-10-02T13:37:46.870Z", "subject": "One time login code not received", "from_email": "noreply@test.com", "to_emails": "admin@atelier.xyz", "raw_message": "Content-Type: multipart/alternative;\n boundary=\"===============6755599695193594962==\"\nMIME-Version: 1.0\nSubject: One time login code not received\nFrom: noreply@test.com\nTo: admin@atelier.xyz\nDate: Fri, 02 Oct 2020 13:37:46 -0000\nMessage-ID: <160164586686.100.8848567257606601733@web>\n\n--===============6755599695193594962==\nContent-Type: text/plain; charset=\"utf-8\"\nMIME-Version: 1.0\nContent-Transfer-Encoding: 7bit\n\nAtelier  \n---  \n  \nHi, Flexit admin!,\n\nThere was a problem with log in using one time code. See detail below\n\nUser: test2 test2 <id: 11>\n\nOn: 2020-10-02 13:37:45.814113+00:00\n\nLogin type: email\n\nThis is a system generated email from the localhost:8000 application.\n\n\n--===============6755599695193594962==\nContent-Type: text/html; charset=\"utf-8\"\nMIME-Version: 1.0\nContent-Transfer-Encoding: 7bit\n\n<!DOCTYPE html PUBLIC \"-//W3C//DTD XHTML 1.0 Transitional//EN\"\n        \"http://www.w3.org/TR/xhtml1/DTD/xhtml1-transitional.dtd\">\n<html xmlns=\"http://www.w3.org/1999/xhtml\">\n<head>\n    <meta http-equiv=\"Content-Type\" content=\"text/html; charset=UTF-8\"/>\n    <meta name=\"viewport\" content=\"width=device-width, initial-scale=1.0\"/>\n</head>\n<body leftmargin=\"0\" marginwidth=\"0\" topmargin=\"0\" marginheight=\"0\" offset=\"0\"\n      style=\"background-color: #fff;\">\n<table id=\"outer_wrapper_table\"\n       style=\"\"\n       align=\"center\" border=\"0\" cellpadding=\"0\" cellspacing=\"0\" width=\"100%\">\n    <tr style=\"margin: 0;\">\n        <td style=\"font-family: Arial, sans-serif; font-size: 16px; line-height: 1.42857143; margin: 0; letter-spacing: 0.5px; padding: 20px; \">\n            \n    \n        \n                <span style=\"font-size: 30px; font-weight: bold; padding: 0; \" title=\"Atelier\">\n    \n            Atelier\n    \n</span>\n\n            \n    \n\n        </td>\n    </tr>\n    <tr>\n        <td style=\"font-family: Arial, sans-serif; font-size: 16px; line-height: 1.42857143; margin: 0; letter-spacing: 0.5px; padding: 20px; \">\n            \n            \n    <p>Hi, Flexit admin!,</p><p>There was a problem with log in using one time code. See detail below</p><p>User: test2 test2 &lt;id: 11&gt; </p><p>On: 2020-10-02 13:37:45.814113+00:00 </p><p>Login type: email </p>\n    <p>This is a system generated email from the localhost:8000 application.</p>\n\n        </td>\n    </tr>\n    \n        <tr>\n            <td style=\"font-family: Arial, sans-serif; font-size: 16px; line-height: 1.42857143; margin: 0; letter-spacing: 0.5px; padding-left: 20px; padding-right: 20px; color: #555; \">\n                \n  \n    \n  \n\n            </td>\n        </tr>\n    \n</table>\n</body>\n</html>\n--===============6755599695193594962==--\n"}}, {"model": "ievv_developemail.developemail", "pk": 19, "fields": {"created_datetime": "2020-10-02T13:39:03.994Z", "subject": "Atelier authentication code", "from_email": "noreply@test.com", "to_emails": "test2@mail.com", "raw_message": "Content-Type: multipart/alternative;\n boundary=\"===============4014538129068524657==\"\nMIME-Version: 1.0\nSubject: Atelier authentication code\nFrom: noreply@test.com\nTo: test2@mail.com\nDate: Fri, 02 Oct 2020 13:39:03 -0000\nMessage-ID: <160164594399.121.1769998591803983466@web>\n\n--===============4014538129068524657==\nContent-Type: text/plain; charset=\"utf-8\"\nMIME-Version: 1.0\nContent-Transfer-Encoding: 7bit\n\nAtelier authentication  \n---  \nDear test2 test2,  \n  \nThe authentication code is **4xM5**.  \n  \nThank you.\n\nThis is a system generated email from the localhost:8000 application.\n\n\n--===============4014538129068524657==\nContent-Type: text/html; charset=\"utf-8\"\nMIME-Version: 1.0\nContent-Transfer-Encoding: 7bit\n\n<!DOCTYPE html PUBLIC \"-//W3C//DTD XHTML 1.0 Transitional//EN\"\n        \"http://www.w3.org/TR/xhtml1/DTD/xhtml1-transitional.dtd\">\n<html xmlns=\"http://www.w3.org/1999/xhtml\">\n<head>\n    <meta http-equiv=\"Content-Type\" content=\"text/html; charset=UTF-8\"/>\n    <meta name=\"viewport\" content=\"width=device-width, initial-scale=1.0\"/>\n</head>\n<body leftmargin=\"0\" marginwidth=\"0\" topmargin=\"0\" marginheight=\"0\" offset=\"0\"\n      style=\"background-color: #fff;\">\n<table id=\"outer_wrapper_table\"\n       style=\"\"\n       align=\"center\" border=\"0\" cellpadding=\"0\" cellspacing=\"0\" width=\"100%\">\n    <tr style=\"margin: 0;\">\n        <td style=\"font-family: Arial, sans-serif; font-size: 16px; line-height: 1.42857143; margin: 0; letter-spacing: 0.5px; padding: 20px; \">\n            \n    \n        <span style=\"font-size: 30px; font-weight: bold; padding: 0; \">\n            Atelier authentication\n        </span>\n    \n\n        </td>\n    </tr>\n    <tr>\n        <td style=\"font-family: Arial, sans-serif; font-size: 16px; line-height: 1.42857143; margin: 0; letter-spacing: 0.5px; padding: 20px; \">\n            \n            \n    \n\nDear test2 test2,\n<br><br>\n\nThe authentication code is <strong>4xM5</strong>.\n<br><br>\n\nThank you.\n\n    <p>This is a system generated email from the localhost:8000 application.</p>\n\n        </td>\n    </tr>\n    \n        <tr>\n            <td style=\"font-family: Arial, sans-serif; font-size: 16px; line-height: 1.42857143; margin: 0; letter-spacing: 0.5px; padding-left: 20px; padding-right: 20px; color: #555; \">\n                \n  \n    \n  \n\n            </td>\n        </tr>\n    \n</table>\n</body>\n</html>\n--===============4014538129068524657==--\n"}}, {"model": "ievv_developemail.developemail", "pk": 20, "fields": {"created_datetime": "2020-10-02T13:39:08.786Z", "subject": "One time login code not received", "from_email": "noreply@test.com", "to_emails": "admin@atelier.xyz", "raw_message": "Content-Type: multipart/alternative;\n boundary=\"===============5857532084265113645==\"\nMIME-Version: 1.0\nSubject: One time login code not received\nFrom: noreply@test.com\nTo: admin@atelier.xyz\nDate: Fri, 02 Oct 2020 13:39:08 -0000\nMessage-ID: <160164594878.121.12324377987260259534@web>\n\n--===============5857532084265113645==\nContent-Type: text/plain; charset=\"utf-8\"\nMIME-Version: 1.0\nContent-Transfer-Encoding: 7bit\n\nAtelier  \n---  \n  \nHi, Flexit admin!,\n\nThere was a problem with log in using one time code. See detail below\n\nUser: test2 test2 <id: 11>\n\nOn: 2020-10-02 13:39:07.718965+00:00\n\nLogin type: email\n\nThis is a system generated email from the localhost:8000 application.\n\n\n--===============5857532084265113645==\nContent-Type: text/html; charset=\"utf-8\"\nMIME-Version: 1.0\nContent-Transfer-Encoding: 7bit\n\n<!DOCTYPE html PUBLIC \"-//W3C//DTD XHTML 1.0 Transitional//EN\"\n        \"http://www.w3.org/TR/xhtml1/DTD/xhtml1-transitional.dtd\">\n<html xmlns=\"http://www.w3.org/1999/xhtml\">\n<head>\n    <meta http-equiv=\"Content-Type\" content=\"text/html; charset=UTF-8\"/>\n    <meta name=\"viewport\" content=\"width=device-width, initial-scale=1.0\"/>\n</head>\n<body leftmargin=\"0\" marginwidth=\"0\" topmargin=\"0\" marginheight=\"0\" offset=\"0\"\n      style=\"background-color: #fff;\">\n<table id=\"outer_wrapper_table\"\n       style=\"\"\n       align=\"center\" border=\"0\" cellpadding=\"0\" cellspacing=\"0\" width=\"100%\">\n    <tr style=\"margin: 0;\">\n        <td style=\"font-family: Arial, sans-serif; font-size: 16px; line-height: 1.42857143; margin: 0; letter-spacing: 0.5px; padding: 20px; \">\n            \n    \n        \n                <span style=\"font-size: 30px; font-weight: bold; padding: 0; \" title=\"Atelier\">\n    \n            Atelier\n    \n</span>\n\n            \n    \n\n        </td>\n    </tr>\n    <tr>\n        <td style=\"font-family: Arial, sans-serif; font-size: 16px; line-height: 1.42857143; margin: 0; letter-spacing: 0.5px; padding: 20px; \">\n            \n            \n    <p>Hi, Flexit admin!,</p><p>There was a problem with log in using one time code. See detail below</p><p>User: test2 test2 &lt;id: 11&gt; </p><p>On: 2020-10-02 13:39:07.718965+00:00 </p><p>Login type: email </p>\n    <p>This is a system generated email from the localhost:8000 application.</p>\n\n        </td>\n    </tr>\n    \n        <tr>\n            <td style=\"font-family: Arial, sans-serif; font-size: 16px; line-height: 1.42857143; margin: 0; letter-spacing: 0.5px; padding-left: 20px; padding-right: 20px; color: #555; \">\n                \n  \n    \n  \n\n            </td>\n        </tr>\n    \n</table>\n</body>\n</html>\n--===============5857532084265113645==--\n"}}, {"model": "ievv_developemail.developemail", "pk": 21, "fields": {"created_datetime": "2020-10-02T13:40:07.922Z", "subject": "Atelier authentication code", "from_email": "noreply@test.com", "to_emails": "test_1@mail.com", "raw_message": "Content-Type: multipart/alternative;\n boundary=\"===============0844485524599668691==\"\nMIME-Version: 1.0\nSubject: Atelier authentication code\nFrom: noreply@test.com\nTo: test_1@mail.com\nDate: Fri, 02 Oct 2020 13:40:07 -0000\nMessage-ID: <160164600791.131.8154131850549862336@web>\n\n--===============0844485524599668691==\nContent-Type: text/plain; charset=\"utf-8\"\nMIME-Version: 1.0\nContent-Transfer-Encoding: 7bit\n\nAtelier authentication  \n---  \nDear test1 test1,  \n  \nThe authentication code is **zowm**.  \n  \nThank you.\n\nThis is a system generated email from the localhost:8000 application.\n\n\n--===============0844485524599668691==\nContent-Type: text/html; charset=\"utf-8\"\nMIME-Version: 1.0\nContent-Transfer-Encoding: 7bit\n\n<!DOCTYPE html PUBLIC \"-//W3C//DTD XHTML 1.0 Transitional//EN\"\n        \"http://www.w3.org/TR/xhtml1/DTD/xhtml1-transitional.dtd\">\n<html xmlns=\"http://www.w3.org/1999/xhtml\">\n<head>\n    <meta http-equiv=\"Content-Type\" content=\"text/html; charset=UTF-8\"/>\n    <meta name=\"viewport\" content=\"width=device-width, initial-scale=1.0\"/>\n</head>\n<body leftmargin=\"0\" marginwidth=\"0\" topmargin=\"0\" marginheight=\"0\" offset=\"0\"\n      style=\"background-color: #fff;\">\n<table id=\"outer_wrapper_table\"\n       style=\"\"\n       align=\"center\" border=\"0\" cellpadding=\"0\" cellspacing=\"0\" width=\"100%\">\n    <tr style=\"margin: 0;\">\n        <td style=\"font-family: Arial, sans-serif; font-size: 16px; line-height: 1.42857143; margin: 0; letter-spacing: 0.5px; padding: 20px; \">\n            \n    \n        <span style=\"font-size: 30px; font-weight: bold; padding: 0; \">\n            Atelier authentication\n        </span>\n    \n\n        </td>\n    </tr>\n    <tr>\n        <td style=\"font-family: Arial, sans-serif; font-size: 16px; line-height: 1.42857143; margin: 0; letter-spacing: 0.5px; padding: 20px; \">\n            \n            \n    \n\nDear test1 test1,\n<br><br>\n\nThe authentication code is <strong>zowm</strong>.\n<br><br>\n\nThank you.\n\n    <p>This is a system generated email from the localhost:8000 application.</p>\n\n        </td>\n    </tr>\n    \n        <tr>\n            <td style=\"font-family: Arial, sans-serif; font-size: 16px; line-height: 1.42857143; margin: 0; letter-spacing: 0.5px; padding-left: 20px; padding-right: 20px; color: #555; \">\n                \n  \n    \n  \n\n            </td>\n        </tr>\n    \n</table>\n</body>\n</html>\n--===============0844485524599668691==--\n"}}, {"model": "ievv_developemail.developemail", "pk": 22, "fields": {"created_datetime": "2020-10-02T13:40:11.374Z", "subject": "One time login code not received", "from_email": "noreply@test.com", "to_emails": "admin@atelier.xyz", "raw_message": "Content-Type: multipart/alternative;\n boundary=\"===============2247810827550858268==\"\nMIME-Version: 1.0\nSubject: One time login code not received\nFrom: noreply@test.com\nTo: admin@atelier.xyz\nDate: Fri, 02 Oct 2020 13:40:11 -0000\nMessage-ID: <160164601137.131.17057579656918727557@web>\n\n--===============2247810827550858268==\nContent-Type: text/plain; charset=\"utf-8\"\nMIME-Version: 1.0\nContent-Transfer-Encoding: 7bit\n\nAtelier  \n---  \n  \nHi, Flexit admin!,\n\nThere was a problem with log in using one time code. See detail below\n\nUser: test1 test1 <id: 9>\n\nOn: 2020-10-02 13:40:10.318321+00:00\n\nLogin type: email\n\nThis is a system generated email from the localhost:8000 application.\n\n\n--===============2247810827550858268==\nContent-Type: text/html; charset=\"utf-8\"\nMIME-Version: 1.0\nContent-Transfer-Encoding: 7bit\n\n<!DOCTYPE html PUBLIC \"-//W3C//DTD XHTML 1.0 Transitional//EN\"\n        \"http://www.w3.org/TR/xhtml1/DTD/xhtml1-transitional.dtd\">\n<html xmlns=\"http://www.w3.org/1999/xhtml\">\n<head>\n    <meta http-equiv=\"Content-Type\" content=\"text/html; charset=UTF-8\"/>\n    <meta name=\"viewport\" content=\"width=device-width, initial-scale=1.0\"/>\n</head>\n<body leftmargin=\"0\" marginwidth=\"0\" topmargin=\"0\" marginheight=\"0\" offset=\"0\"\n      style=\"background-color: #fff;\">\n<table id=\"outer_wrapper_table\"\n       style=\"\"\n       align=\"center\" border=\"0\" cellpadding=\"0\" cellspacing=\"0\" width=\"100%\">\n    <tr style=\"margin: 0;\">\n        <td style=\"font-family: Arial, sans-serif; font-size: 16px; line-height: 1.42857143; margin: 0; letter-spacing: 0.5px; padding: 20px; \">\n            \n    \n        \n                <span style=\"font-size: 30px; font-weight: bold; padding: 0; \" title=\"Atelier\">\n    \n            Atelier\n    \n</span>\n\n            \n    \n\n        </td>\n    </tr>\n    <tr>\n        <td style=\"font-family: Arial, sans-serif; font-size: 16px; line-height: 1.42857143; margin: 0; letter-spacing: 0.5px; padding: 20px; \">\n            \n            \n    <p>Hi, Flexit admin!,</p><p>There was a problem with log in using one time code. See detail below</p><p>User: test1 test1 &lt;id: 9&gt; </p><p>On: 2020-10-02 13:40:10.318321+00:00 </p><p>Login type: email </p>\n    <p>This is a system generated email from the localhost:8000 application.</p>\n\n        </td>\n    </tr>\n    \n        <tr>\n            <td style=\"font-family: Arial, sans-serif; font-size: 16px; line-height: 1.42857143; margin: 0; letter-spacing: 0.5px; padding-left: 20px; padding-right: 20px; color: #555; \">\n                \n  \n    \n  \n\n            </td>\n        </tr>\n    \n</table>\n</body>\n</html>\n--===============2247810827550858268==--\n"}}, {"model": "auth.permission", "pk": 1, "fields": {"name": "Can add permission", "content_type": 1, "codename": "add_permission"}}, {"model": "auth.permission", "pk": 2, "fields": {"name": "Can change permission", "content_type": 1, "codename": "change_permission"}}, {"model": "auth.permission", "pk": 3, "fields": {"name": "Can delete permission", "content_type": 1, "codename": "delete_permission"}}, {"model": "auth.permission", "pk": 4, "fields": {"name": "Can view permission", "content_type": 1, "codename": "view_permission"}}, {"model": "auth.permission", "pk": 5, "fields": {"name": "Can add group", "content_type": 2, "codename": "add_group"}}, {"model": "auth.permission", "pk": 6, "fields": {"name": "Can change group", "content_type": 2, "codename": "change_group"}}, {"model": "auth.permission", "pk": 7, "fields": {"name": "Can delete group", "content_type": 2, "codename": "delete_group"}}, {"model": "auth.permission", "pk": 8, "fields": {"name": "Can view group", "content_type": 2, "codename": "view_group"}}, {"model": "auth.permission", "pk": 9, "fields": {"name": "Can add content type", "content_type": 3, "codename": "add_contenttype"}}, {"model": "auth.permission", "pk": 10, "fields": {"name": "Can change content type", "content_type": 3, "codename": "change_contenttype"}}, {"model": "auth.permission", "pk": 11, "fields": {"name": "Can delete content type", "content_type": 3, "codename": "delete_contenttype"}}, {"model": "auth.permission", "pk": 12, "fields": {"name": "Can view content type", "content_type": 3, "codename": "view_contenttype"}}, {"model": "auth.permission", "pk": 13, "fields": {"name": "Can add atelier", "content_type": 4, "codename": "add_atelier"}}, {"model": "auth.permission", "pk": 14, "fields": {"name": "Can change atelier", "content_type": 4, "codename": "change_atelier"}}, {"model": "auth.permission", "pk": 15, "fields": {"name": "Can delete atelier", "content_type": 4, "codename": "delete_atelier"}}, {"model": "auth.permission", "pk": 16, "fields": {"name": "Can view atelier", "content_type": 4, "codename": "view_atelier"}}, {"model": "auth.permission", "pk": 17, "fields": {"name": "Can add user", "content_type": 5, "codename": "add_user"}}, {"model": "auth.permission", "pk": 18, "fields": {"name": "Can change user", "content_type": 5, "codename": "change_user"}}, {"model": "auth.permission", "pk": 19, "fields": {"name": "Can delete user", "content_type": 5, "codename": "delete_user"}}, {"model": "auth.permission", "pk": 20, "fields": {"name": "Can view user", "content_type": 5, "codename": "view_user"}}, {"model": "auth.permission", "pk": 21, "fields": {"name": "Can add log entry", "content_type": 6, "codename": "add_logentry"}}, {"model": "auth.permission", "pk": 22, "fields": {"name": "Can change log entry", "content_type": 6, "codename": "change_logentry"}}, {"model": "auth.permission", "pk": 23, "fields": {"name": "Can delete log entry", "content_type": 6, "codename": "delete_logentry"}}, {"model": "auth.permission", "pk": 24, "fields": {"name": "Can view log entry", "content_type": 6, "codename": "view_logentry"}}, {"model": "auth.permission", "pk": 25, "fields": {"name": "Can add session", "content_type": 7, "codename": "add_session"}}, {"model": "auth.permission", "pk": 26, "fields": {"name": "Can change session", "content_type": 7, "codename": "change_session"}}, {"model": "auth.permission", "pk": 27, "fields": {"name": "Can delete session", "content_type": 7, "codename": "delete_session"}}, {"model": "auth.permission", "pk": 28, "fields": {"name": "Can view session", "content_type": 7, "codename": "view_session"}}, {"model": "auth.permission", "pk": 29, "fields": {"name": "Can add API key", "content_type": 8, "codename": "add_apikey"}}, {"model": "auth.permission", "pk": 30, "fields": {"name": "Can change API key", "content_type": 8, "codename": "change_apikey"}}, {"model": "auth.permission", "pk": 31, "fields": {"name": "Can delete API key", "content_type": 8, "codename": "delete_apikey"}}, {"model": "auth.permission", "pk": 32, "fields": {"name": "Can view API key", "content_type": 8, "codename": "view_apikey"}}, {"model": "auth.permission", "pk": 33, "fields": {"name": "Can add develop email", "content_type": 9, "codename": "add_developemail"}}, {"model": "auth.permission", "pk": 34, "fields": {"name": "Can change develop email", "content_type": 9, "codename": "change_developemail"}}, {"model": "auth.permission", "pk": 35, "fields": {"name": "Can delete develop email", "content_type": 9, "codename": "delete_developemail"}}, {"model": "auth.permission", "pk": 36, "fields": {"name": "Can view develop email", "content_type": 9, "codename": "view_developemail"}}, {"model": "auth.permission", "pk": 37, "fields": {"name": "Can add debug sms message", "content_type": 10, "codename": "add_debugsmsmessage"}}, {"model": "auth.permission", "pk": 38, "fields": {"name": "Can change debug sms message", "content_type": 10, "codename": "change_debugsmsmessage"}}, {"model": "auth.permission", "pk": 39, "fields": {"name": "Can delete debug sms message", "content_type": 10, "codename": "delete_debugsmsmessage"}}, {"model": "auth.permission", "pk": 40, "fields": {"name": "Can view debug sms message", "content_type": 10, "codename": "view_debugsmsmessage"}}, {"model": "auth.permission", "pk": 41, "fields": {"name": "Can add generic token with metadata", "content_type": 11, "codename": "add_generictokenwithmetadata"}}, {"model": "auth.permission", "pk": 42, "fields": {"name": "Can change generic token with metadata", "content_type": 11, "codename": "change_generictokenwithmetadata"}}, {"model": "auth.permission", "pk": 43, "fields": {"name": "Can delete generic token with metadata", "content_type": 11, "codename": "delete_generictokenwithmetadata"}}, {"model": "auth.permission", "pk": 44, "fields": {"name": "Can view generic token with metadata", "content_type": 11, "codename": "view_generictokenwithmetadata"}}, {"model": "auth.permission", "pk": 45, "fields": {"name": "Can add message receiver", "content_type": 12, "codename": "add_messagereceiver"}}, {"model": "auth.permission", "pk": 46, "fields": {"name": "Can change message receiver", "content_type": 12, "codename": "change_messagereceiver"}}, {"model": "auth.permission", "pk": 47, "fields": {"name": "Can delete message receiver", "content_type": 12, "codename": "delete_messagereceiver"}}, {"model": "auth.permission", "pk": 48, "fields": {"name": "Can view message receiver", "content_type": 12, "codename": "view_messagereceiver"}}, {"model": "auth.permission", "pk": 49, "fields": {"name": "Can add base message attachment", "content_type": 13, "codename": "add_basemessageattachment"}}, {"model": "auth.permission", "pk": 50, "fields": {"name": "Can change base message attachment", "content_type": 13, "codename": "change_basemessageattachment"}}, {"model": "auth.permission", "pk": 51, "fields": {"name": "Can delete base message attachment", "content_type": 13, "codename": "delete_basemessageattachment"}}, {"model": "auth.permission", "pk": 52, "fields": {"name": "Can view base message attachment", "content_type": 13, "codename": "view_basemessageattachment"}}, {"model": "auth.permission", "pk": 53, "fields": {"name": "Can add base message", "content_type": 14, "codename": "add_basemessage"}}, {"model": "auth.permission", "pk": 54, "fields": {"name": "Can change base message", "content_type": 14, "codename": "change_basemessage"}}, {"model": "auth.permission", "pk": 55, "fields": {"name": "Can delete base message", "content_type": 14, "codename": "delete_basemessage"}}, {"model": "auth.permission", "pk": 56, "fields": {"name": "Can view base message", "content_type": 14, "codename": "view_basemessage"}}, {"model": "auth.permission", "pk": 57, "fields": {"name": "Can add system message", "content_type": 15, "codename": "add_systemmessage"}}, {"model": "auth.permission", "pk": 58, "fields": {"name": "Can change system message", "content_type": 15, "codename": "change_systemmessage"}}, {"model": "auth.permission", "pk": 59, "fields": {"name": "Can delete system message", "content_type": 15, "codename": "delete_systemmessage"}}, {"model": "auth.permission", "pk": 60, "fields": {"name": "Can view system message", "content_type": 15, "codename": "view_systemmessage"}}, {"model": "atelier.user", "pk": 5, "fields": {"password": "pbkdf2_sha256$180000$ZiYVxQZFCifQ$ZLpn23N23usMR+WFBKPhoMh5MyqVAKNdAa15gSA8kOw=", "last_login": "2020-10-02T13:37:53.574Z", "is_superuser": true, "username": "grandma@example.com", "first_name": "", "last_name": "", "is_staff": true, "is_active": true, "date_joined": "2020-09-12T16:11:43.391Z", "email": "grandma@example.com", "phone_number": "", "occupation": "seamstress", "atelier": 1, "is_administrator": false, "groups": [], "user_permissions": []}}, {"model": "atelier.user", "pk": 9, "fields": {"password": "pbkdf2_sha256$180000$Ap9t9jf7mB2P$TJKZ5fv27/kktefY1ppyPKhs0BVFtnOMXlyi8lyrfjo=", "last_login": "2020-10-02T12:19:51.026Z", "is_superuser": false, "username": "test_1@mail.com", "first_name": "test1", "last_name": "test1", "is_staff": false, "is_active": true, "date_joined": "2020-09-27T08:15:15.959Z", "email": "test_1@mail.com", "phone_number": "111111111", "occupation": "seamstress", "atelier": 1, "is_administrator": true, "groups": [], "user_permissions": []}}, {"model": "atelier.user", "pk": 11, "fields": {"password": "pbkdf2_sha256$180000$7MdzEC5pBeNO$mLUo8Mb7gFnrkETDJdLkdPvS7ERfttIxPDywKn76FIw=", "last_login": "2020-10-02T13:09:37.301Z", "is_superuser": false, "username": "test2@mail.com", "first_name": "test2", "last_name": "test2", "is_staff": false, "is_active": true, "date_joined": "2020-10-02T12:23:49Z", "email": "test2@mail.com", "phone_number": "2222222", "occupation": "tailor", "atelier": 2, "is_administrator": true, "groups": [], "user_permissions": []}}, {"model": "atelier_messages.basemessage", "pk": 1, "fields": {"created_datetime": "2020-09-23T17:18:07.108Z", "status": "sent", "status_data": {}, "esp_message_id": null, "esp_ok_status": null, "message_types": "[\"email\"]", "subject": "Atelier authentication code", "message_content_plain": "Dear grandma@example.com,  \n  \nThe authentication code is **xMWM**.  \n  \nThank you.", "sms_content_length": null, "sms_part_count": null, "message_content_html": "\n\nDear grandma@example.com,\n<br><br>\n\nThe authentication code is <strong>xMWM</strong>.\n<br><br>\n\nThank you.\n", "requested_send_datetime": null, "sent_by": null, "created_by": null, "virtual_message_receivers": {"to_email": "grandma@example.com", "to_phone_number": null}, "appspecific_metadata": {}, "anonymized_datetime": null}}, {"model": "atelier_messages.basemessage", "pk": 2, "fields": {"created_datetime": "2020-10-02T09:47:06.366Z", "status": "sent", "status_data": {}, "esp_message_id": null, "esp_ok_status": null, "message_types": "[\"email\"]", "subject": "Atelier authentication code", "message_content_plain": "Dear test_2 test_2,  \n  \nThe authentication code is **VyY8**.  \n  \nThank you.", "sms_content_length": null, "sms_part_count": null, "message_content_html": "\n\nDear test_2 test_2,\n<br><br>\n\nThe authentication code is <strong>VyY8</strong>.\n<br><br>\n\nThank you.\n", "requested_send_datetime": null, "sent_by": null, "created_by": null, "virtual_message_receivers": {"to_email": "test2@mail.com", "to_phone_number": null}, "appspecific_metadata": {}, "anonymized_datetime": null}}, {"model": "atelier_messages.basemessage", "pk": 3, "fields": {"created_datetime": "2020-10-02T12:19:35.280Z", "status": "sent", "status_data": {}, "esp_message_id": null, "esp_ok_status": null, "message_types": "[\"email\"]", "subject": "Confirm your email address", "message_content_plain": "Dear test1 test1, to confirm your email address, please follow the link:\nhttp://0.0.0.0:8000/auth/confirm-email/9/889a36a2-04a9-11eb-b4d3-0242ac150004-376fe34c-a8c3-4fc4-8d71-bc6fdfc4927e/", "sms_content_length": null, "sms_part_count": null, "message_content_html": "<p>Dear test1 test1,</p><p>To confirm your email address, please follow the link: <a href=\"http://0.0.0.0:8000/auth/confirm-email/9/889a36a2-04a9-11eb-b4d3-0242ac150004-376fe34c-a8c3-4fc4-8d71-bc6fdfc4927e/\">Confirm email</a></p>", "requested_send_datetime": null, "sent_by": null, "created_by": null, "virtual_message_receivers": {"to_email": "test_1@mail.com", "to_phone_number": null}, "appspecific_metadata": {}, "anonymized_datetime": null}}, {"model": "atelier_messages.basemessage", "pk": 4, "fields": {"created_datetime": "2020-10-02T13:08:34.910Z", "status": "sent", "status_data": {}, "esp_message_id": null, "esp_ok_status": null, "message_types": "[\"email\"]", "subject": "Atelier authentication code", "message_content_plain": "Dear test2 test2,  \n  \nThe authentication code is **Do4v**.  \n  \nThank you.", "sms_content_length": null, "sms_part_count": null, "message_content_html": "\n\nDear test2 test2,\n<br><br>\n\nThe authentication code is <strong>Do4v</strong>.\n<br><br>\n\nThank you.\n", "requested_send_datetime": null, "sent_by": null, "created_by": null, "virtual_message_receivers": {"to_email": "test2@mail.com", "to_phone_number": null}, "appspecific_metadata": {}, "anonymized_datetime": null}}, {"model": "atelier_messages.basemessage", "pk": 5, "fields": {"created_datetime": "2020-10-02T13:12:28.354Z", "status": "sent", "status_data": {}, "esp_message_id": null, "esp_ok_status": null, "message_types": "[\"email\"]", "subject": "Atelier authentication code", "message_content_plain": "Dear test2 test2,  \n  \nThe authentication code is **fJZq**.  \n  \nThank you.", "sms_content_length": null, "sms_part_count": null, "message_content_html": "\n\nDear test2 test2,\n<br><br>\n\nThe authentication code is <strong>fJZq</strong>.\n<br><br>\n\nThank you.\n", "requested_send_datetime": null, "sent_by": null, "created_by": null, "virtual_message_receivers": {"to_email": "test2@mail.com", "to_phone_number": null}, "appspecific_metadata": {}, "anonymized_datetime": null}}, {"model": "atelier_messages.basemessage", "pk": 6, "fields": {"created_datetime": "2020-10-02T13:19:40.021Z", "status": "sent", "status_data": {}, "esp_message_id": null, "esp_ok_status": null, "message_types": "[\"email\"]", "subject": "One time login code not received", "message_content_plain": "Hi admin, there was a problem with log in using one time code. User: test2 test2 <id: 11>, on: 2020-10-02 13:19:40.020283+00:00, login type: email", "sms_content_length": null, "sms_part_count": null, "message_content_html": "<p>Hi, Flexit admin!,</p><p>There was a problem with log in using one time code. See detail below</p><p>User: test2 test2 &lt;id: 11&gt; </p><p>On: 2020-10-02 13:19:40.020283+00:00 </p><p>Login type: email </p>", "requested_send_datetime": null, "sent_by": null, "created_by": null, "virtual_message_receivers": {"to_email": "admin@atelier.xyz", "to_phone_number": null}, "appspecific_metadata": {}, "anonymized_datetime": null}}, {"model": "atelier_messages.basemessage", "pk": 7, "fields": {"created_datetime": "2020-10-02T13:21:37.156Z", "status": "sent", "status_data": {}, "esp_message_id": null, "esp_ok_status": null, "message_types": "[\"email\"]", "subject": "One time login code not received", "message_content_plain": "Hi admin, there was a problem with log in using one time code. User: test2 test2 <id: 11>, on: 2020-10-02 13:21:37.155567+00:00, login type: email", "sms_content_length": null, "sms_part_count": null, "message_content_html": "<p>Hi, Flexit admin!,</p><p>There was a problem with log in using one time code. See detail below</p><p>User: test2 test2 &lt;id: 11&gt; </p><p>On: 2020-10-02 13:21:37.155567+00:00 </p><p>Login type: email </p>", "requested_send_datetime": null, "sent_by": null, "created_by": null, "virtual_message_receivers": {"to_email": "admin@atelier.xyz", "to_phone_number": null}, "appspecific_metadata": {}, "anonymized_datetime": null}}, {"model": "atelier_messages.basemessage", "pk": 8, "fields": {"created_datetime": "2020-10-02T13:24:46.915Z", "status": "sent", "status_data": {}, "esp_message_id": null, "esp_ok_status": null, "message_types": "[\"email\"]", "subject": "One time login code not received", "message_content_plain": "Hi admin, there was a problem with log in using one time code. User: test2 test2 <id: 11>, on: 2020-10-02 13:24:46.914834+00:00, login type: email", "sms_content_length": null, "sms_part_count": null, "message_content_html": "<p>Hi, Flexit admin!,</p><p>There was a problem with log in using one time code. See detail below</p><p>User: test2 test2 &lt;id: 11&gt; </p><p>On: 2020-10-02 13:24:46.914834+00:00 </p><p>Login type: email </p>", "requested_send_datetime": null, "sent_by": null, "created_by": null, "virtual_message_receivers": {"to_email": "admin@atelier.xyz", "to_phone_number": null}, "appspecific_metadata": {}, "anonymized_datetime": null}}, {"model": "atelier_messages.basemessage", "pk": 9, "fields": {"created_datetime": "2020-10-02T13:27:04.758Z", "status": "sent", "status_data": {}, "esp_message_id": null, "esp_ok_status": null, "message_types": "[\"email\"]", "subject": "One time login code not received", "message_content_plain": "Hi admin, there was a problem with log in using one time code. User: test2 test2 <id: 11>, on: 2020-10-02 13:27:04.758011+00:00, login type: email", "sms_content_length": null, "sms_part_count": null, "message_content_html": "<p>Hi, Flexit admin!,</p><p>There was a problem with log in using one time code. See detail below</p><p>User: test2 test2 &lt;id: 11&gt; </p><p>On: 2020-10-02 13:27:04.758011+00:00 </p><p>Login type: email </p>", "requested_send_datetime": null, "sent_by": null, "created_by": null, "virtual_message_receivers": {"to_email": "admin@atelier.xyz", "to_phone_number": null}, "appspecific_metadata": {}, "anonymized_datetime": null}}, {"model": "atelier_messages.basemessage", "pk": 10, "fields": {"created_datetime": "2020-10-02T13:27:49.271Z", "status": "sent", "status_data": {}, "esp_message_id": null, "esp_ok_status": null, "message_types": "[\"email\"]", "subject": "One time login code not received", "message_content_plain": "Hi admin, there was a problem with log in using one time code. User: test2 test2 <id: 11>, on: 2020-10-02 13:27:49.270732+00:00, login type: email", "sms_content_length": null, "sms_part_count": null, "message_content_html": "<p>Hi, Flexit admin!,</p><p>There was a problem with log in using one time code. See detail below</p><p>User: test2 test2 &lt;id: 11&gt; </p><p>On: 2020-10-02 13:27:49.270732+00:00 </p><p>Login type: email </p>", "requested_send_datetime": null, "sent_by": null, "created_by": null, "virtual_message_receivers": {"to_email": "admin@atelier.xyz", "to_phone_number": null}, "appspecific_metadata": {}, "anonymized_datetime": null}}, {"model": "atelier_messages.basemessage", "pk": 11, "fields": {"created_datetime": "2020-10-02T13:28:32.074Z", "status": "sent", "status_data": {}, "esp_message_id": null, "esp_ok_status": null, "message_types": "[\"email\"]", "subject": "One time login code not received", "message_content_plain": "Hi admin, there was a problem with log in using one time code. User: test2 test2 <id: 11>, on: 2020-10-02 13:28:32.074027+00:00, login type: email", "sms_content_length": null, "sms_part_count": null, "message_content_html": "<p>Hi, Flexit admin!,</p><p>There was a problem with log in using one time code. See detail below</p><p>User: test2 test2 &lt;id: 11&gt; </p><p>On: 2020-10-02 13:28:32.074027+00:00 </p><p>Login type: email </p>", "requested_send_datetime": null, "sent_by": null, "created_by": null, "virtual_message_receivers": {"to_email": "admin@atelier.xyz", "to_phone_number": null}, "appspecific_metadata": {}, "anonymized_datetime": null}}, {"model": "atelier_messages.basemessage", "pk": 12, "fields": {"created_datetime": "2020-10-02T13:29:07.667Z", "status": "sent", "status_data": {}, "esp_message_id": null, "esp_ok_status": null, "message_types": "[\"email\"]", "subject": "One time login code not received", "message_content_plain": "Hi admin, there was a problem with log in using one time code. User: test2 test2 <id: 11>, on: 2020-10-02 13:29:07.667192+00:00, login type: email", "sms_content_length": null, "sms_part_count": null, "message_content_html": "<p>Hi, Flexit admin!,</p><p>There was a problem with log in using one time code. See detail below</p><p>User: test2 test2 &lt;id: 11&gt; </p><p>On: 2020-10-02 13:29:07.667192+00:00 </p><p>Login type: email </p>", "requested_send_datetime": null, "sent_by": null, "created_by": null, "virtual_message_receivers": {"to_email": "admin@atelier.xyz", "to_phone_number": null}, "appspecific_metadata": {}, "anonymized_datetime": null}}, {"model": "atelier_messages.basemessage", "pk": 13, "fields": {"created_datetime": "2020-10-02T13:35:21.308Z", "status": "sent", "status_data": {}, "esp_message_id": null, "esp_ok_status": null, "message_types": "[\"email\"]", "subject": "One time login code not received", "message_content_plain": "Hi admin, there was a problem with log in using one time code. User: test2 test2 <id: 11>, on: 2020-10-02 13:35:21.307618+00:00, login type: email", "sms_content_length": null, "sms_part_count": null, "message_content_html": "<p>Hi, Flexit admin!,</p><p>There was a problem with log in using one time code. See detail below</p><p>User: test2 test2 &lt;id: 11&gt; </p><p>On: 2020-10-02 13:35:21.307618+00:00 </p><p>Login type: email </p>", "requested_send_datetime": null, "sent_by": null, "created_by": null, "virtual_message_receivers": {"to_email": "admin@atelier.xyz", "to_phone_number": null}, "appspecific_metadata": {}, "anonymized_datetime": null}}, {"model": "atelier_messages.basemessage", "pk": 14, "fields": {"created_datetime": "2020-10-02T13:35:27.310Z", "status": "sent", "status_data": {}, "esp_message_id": null, "esp_ok_status": null, "message_types": "[\"email\"]", "subject": "One time login code not received", "message_content_plain": "Hi admin, there was a problem with log in using one time code. User: test2 test2 <id: 11>, on: 2020-10-02 13:35:27.310357+00:00, login type: email", "sms_content_length": null, "sms_part_count": null, "message_content_html": "<p>Hi, Flexit admin!,</p><p>There was a problem with log in using one time code. See detail below</p><p>User: test2 test2 &lt;id: 11&gt; </p><p>On: 2020-10-02 13:35:27.310357+00:00 </p><p>Login type: email </p>", "requested_send_datetime": null, "sent_by": null, "created_by": null, "virtual_message_receivers": {"to_email": "admin@atelier.xyz", "to_phone_number": null}, "appspecific_metadata": {}, "anonymized_datetime": null}}, {"model": "atelier_messages.basemessage", "pk": 15, "fields": {"created_datetime": "2020-10-02T13:35:35.915Z", "status": "sent", "status_data": {}, "esp_message_id": null, "esp_ok_status": null, "message_types": "[\"email\"]", "subject": "One time login code not received", "message_content_plain": "Hi admin, there was a problem with log in using one time code. User: test2 test2 <id: 11>, on: 2020-10-02 13:35:35.914885+00:00, login type: email", "sms_content_length": null, "sms_part_count": null, "message_content_html": "<p>Hi, Flexit admin!,</p><p>There was a problem with log in using one time code. See detail below</p><p>User: test2 test2 &lt;id: 11&gt; </p><p>On: 2020-10-02 13:35:35.914885+00:00 </p><p>Login type: email </p>", "requested_send_datetime": null, "sent_by": null, "created_by": null, "virtual_message_receivers": {"to_email": "admin@atelier.xyz", "to_phone_number": null}, "appspecific_metadata": {}, "anonymized_datetime": null}}, {"model": "atelier_messages.basemessage", "pk": 16, "fields": {"created_datetime": "2020-10-02T13:36:22.003Z", "status": "sent", "status_data": {}, "esp_message_id": null, "esp_ok_status": null, "message_types": "[\"email\"]", "subject": "Atelier authentication code", "message_content_plain": "Dear test2 test2,  \n  \nThe authentication code is **TtUA**.  \n  \nThank you.", "sms_content_length": null, "sms_part_count": null, "message_content_html": "\n\nDear test2 test2,\n<br><br>\n\nThe authentication code is <strong>TtUA</strong>.\n<br><br>\n\nThank you.\n", "requested_send_datetime": null, "sent_by": null, "created_by": null, "virtual_message_receivers": {"to_email": "test2@mail.com", "to_phone_number": null}, "appspecific_metadata": {}, "anonymized_datetime": null}}, {"model": "atelier_messages.basemessage", "pk": 17, "fields": {"created_datetime": "2020-10-02T13:36:37.074Z", "status": "sent", "status_data": {}, "esp_message_id": null, "esp_ok_status": null, "message_types": "[\"email\"]", "subject": "One time login code not received", "message_content_plain": "Hi admin, there was a problem with log in using one time code. User: test2 test2 <id: 11>, on: 2020-10-02 13:36:37.074002+00:00, login type: email", "sms_content_length": null, "sms_part_count": null, "message_content_html": "<p>Hi, Flexit admin!,</p><p>There was a problem with log in using one time code. See detail below</p><p>User: test2 test2 &lt;id: 11&gt; </p><p>On: 2020-10-02 13:36:37.074002+00:00 </p><p>Login type: email </p>", "requested_send_datetime": null, "sent_by": null, "created_by": null, "virtual_message_receivers": {"to_email": "admin@atelier.xyz", "to_phone_number": null}, "appspecific_metadata": {}, "anonymized_datetime": null}}, {"model": "atelier_messages.basemessage", "pk": 18, "fields": {"created_datetime": "2020-10-02T13:37:45.814Z", "status": "sent", "status_data": {}, "esp_message_id": null, "esp_ok_status": null, "message_types": "[\"email\"]", "subject": "One time login code not received", "message_content_plain": "Hi admin, there was a problem with log in using one time code. User: test2 test2 <id: 11>, on: 2020-10-02 13:37:45.814113+00:00, login type: email", "sms_content_length": null, "sms_part_count": null, "message_content_html": "<p>Hi, Flexit admin!,</p><p>There was a problem with log in using one time code. See detail below</p><p>User: test2 test2 &lt;id: 11&gt; </p><p>On: 2020-10-02 13:37:45.814113+00:00 </p><p>Login type: email </p>", "requested_send_datetime": null, "sent_by": null, "created_by": null, "virtual_message_receivers": {"to_email": "admin@atelier.xyz", "to_phone_number": null}, "appspecific_metadata": {}, "anonymized_datetime": null}}, {"model": "atelier_messages.basemessage", "pk": 19, "fields": {"created_datetime": "2020-10-02T13:39:02.932Z", "status": "sent", "status_data": {}, "esp_message_id": null, "esp_ok_status": null, "message_types": "[\"email\"]", "subject": "Atelier authentication code", "message_content_plain": "Dear test2 test2,  \n  \nThe authentication code is **4xM5**.  \n  \nThank you.", "sms_content_length": null, "sms_part_count": null, "message_content_html": "\n\nDear test2 test2,\n<br><br>\n\nThe authentication code is <strong>4xM5</strong>.\n<br><br>\n\nThank you.\n", "requested_send_datetime": null, "sent_by": null, "created_by": null, "virtual_message_receivers": {"to_email": "test2@mail.com", "to_phone_number": null}, "appspecific_metadata": {}, "anonymized_datetime": null}}, {"model": "atelier_messages.basemessage", "pk": 20, "fields": {"created_datetime": "2020-10-02T13:39:07.719Z", "status": "sent", "status_data": {}, "esp_message_id": null, "esp_ok_status": null, "message_types": "[\"email\"]", "subject": "One time login code not received", "message_content_plain": "Hi admin, there was a problem with log in using one time code. User: test2 test2 <id: 11>, on: 2020-10-02 13:39:07.718965+00:00, login type: email", "sms_content_length": null, "sms_part_count": null, "message_content_html": "<p>Hi, Flexit admin!,</p><p>There was a problem with log in using one time code. See detail below</p><p>User: test2 test2 &lt;id: 11&gt; </p><p>On: 2020-10-02 13:39:07.718965+00:00 </p><p>Login type: email </p>", "requested_send_datetime": null, "sent_by": null, "created_by": null, "virtual_message_receivers": {"to_email": "admin@atelier.xyz", "to_phone_number": null}, "appspecific_metadata": {}, "anonymized_datetime": null}}, {"model": "atelier_messages.basemessage", "pk": 21, "fields": {"created_datetime": "2020-10-02T13:40:06.865Z", "status": "sent", "status_data": {}, "esp_message_id": null, "esp_ok_status": null, "message_types": "[\"email\"]", "subject": "Atelier authentication code", "message_content_plain": "Dear test1 test1,  \n  \nThe authentication code is **zowm**.  \n  \nThank you.", "sms_content_length": null, "sms_part_count": null, "message_content_html": "\n\nDear test1 test1,\n<br><br>\n\nThe authentication code is <strong>zowm</strong>.\n<br><br>\n\nThank you.\n", "requested_send_datetime": null, "sent_by": null, "created_by": null, "virtual_message_receivers": {"to_email": "test_1@mail.com", "to_phone_number": null}, "appspecific_metadata": {}, "anonymized_datetime": null}}, {"model": "atelier_messages.basemessage", "pk": 22, "fields": {"created_datetime": "2020-10-02T13:40:10.319Z", "status": "sent", "status_data": {}, "esp_message_id": null, "esp_ok_status": null, "message_types": "[\"email\"]", "subject": "One time login code not received", "message_content_plain": "Hi admin, there was a problem with log in using one time code. User: test1 test1 <id: 9>, on: 2020-10-02 13:40:10.318321+00:00, login type: email", "sms_content_length": null, "sms_part_count": null, "message_content_html": "<p>Hi, Flexit admin!,</p><p>There was a problem with log in using one time code. See detail below</p><p>User: test1 test1 &lt;id: 9&gt; </p><p>On: 2020-10-02 13:40:10.318321+00:00 </p><p>Login type: email </p>", "requested_send_datetime": null, "sent_by": null, "created_by": null, "virtual_message_receivers": {"to_email": "admin@atelier.xyz", "to_phone_number": null}, "appspecific_metadata": {}, "anonymized_datetime": null}}, {"model": "atelier_messages.messagereceiver", "pk": 1, "fields": {"anonymized_datetime": null, "message": 1, "message_type": "email", "send_to": "grandma@example.com", "send_to_metadata": {}, "user": null, "sent_datetime": "2020-09-23T17:18:08.151Z", "status": "sent", "status_data": {}}}, {"model": "atelier_messages.messagereceiver", "pk": 2, "fields": {"anonymized_datetime": null, "message": 2, "message_type": "email", "send_to": "test2@mail.com", "send_to_metadata": {}, "user": null, "sent_datetime": "2020-10-02T09:47:07.434Z", "status": "sent", "status_data": {}}}, {"model": "atelier_messages.messagereceiver", "pk": 3, "fields": {"anonymized_datetime": null, "message": 3, "message_type": "email", "send_to": "test_1@mail.com", "send_to_metadata": {}, "user": null, "sent_datetime": "2020-10-02T12:19:36.352Z", "status": "sent", "status_data": {}}}, {"model": "atelier_messages.messagereceiver", "pk": 4, "fields": {"anonymized_datetime": null, "message": 4, "message_type": "email", "send_to": "test2@mail.com", "send_to_metadata": {}, "user": null, "sent_datetime": "2020-10-02T13:08:35.963Z", "status": "sent", "status_data": {}}}, {"model": "atelier_messages.messagereceiver", "pk": 5, "fields": {"anonymized_datetime": null, "message": 5, "message_type": "email", "send_to": "test2@mail.com", "send_to_metadata": {}, "user": null, "sent_datetime": "2020-10-02T13:12:29.407Z", "status": "sent", "status_data": {}}}, {"model": "atelier_messages.messagereceiver", "pk": 6, "fields": {"anonymized_datetime": null, "message": 6, "message_type": "email", "send_to": "admin@atelier.xyz", "send_to_metadata": {}, "user": null, "sent_datetime": "2020-10-02T13:19:41.089Z", "status": "sent", "status_data": {}}}, {"model": "atelier_messages.messagereceiver", "pk": 7, "fields": {"anonymized_datetime": null, "message": 7, "message_type": "email", "send_to": "admin@atelier.xyz", "send_to_metadata": {}, "user": null, "sent_datetime": "2020-10-02T13:21:38.215Z", "status": "sent", "status_data": {}}}, {"model": "atelier_messages.messagereceiver", "pk": 8, "fields": {"anonymized_datetime": null, "message": 8, "message_type": "email", "send_to": "admin@atelier.xyz", "send_to_metadata": {}, "user": null, "sent_datetime": "2020-10-02T13:24:47.973Z", "status": "sent", "status_data": {}}}, {"model": "atelier_messages.messagereceiver", "pk": 9, "fields": {"anonymized_datetime": null, "message": 9, "message_type": "email", "send_to": "admin@atelier.xyz", "send_to_metadata": {}, "user": null, "sent_datetime": "2020-10-02T13:27:05.829Z", "status": "sent", "status_data": {}}}, {"model": "atelier_messages.messagereceiver", "pk": 10, "fields": {"anonymized_datetime": null, "message": 10, "message_type": "email", "send_to": "admin@atelier.xyz", "send_to_metadata": {}, "user": null, "sent_datetime": "2020-10-02T13:27:50.334Z", "status": "sent", "status_data": {}}}, {"model": "atelier_messages.messagereceiver", "pk": 11, "fields": {"anonymized_datetime": null, "message": 11, "message_type": "email", "send_to": "admin@atelier.xyz", "send_to_metadata": {}, "user": null, "sent_datetime": "2020-10-02T13:28:33.153Z", "status": "sent", "status_data": {}}}, {"model": "atelier_messages.messagereceiver", "pk": 12, "fields": {"anonymized_datetime": null, "message": 12, "message_type": "email", "send_to": "admin@atelier.xyz", "send_to_metadata": {}, "user": null, "sent_datetime": "2020-10-02T13:29:08.726Z", "status": "sent", "status_data": {}}}, {"model": "atelier_messages.messagereceiver", "pk": 13, "fields": {"anonymized_datetime": null, "message": 13, "message_type": "email", "send_to": "admin@atelier.xyz", "send_to_metadata": {}, "user": null, "sent_datetime": "2020-10-02T13:35:22.381Z", "status": "sent", "status_data": {}}}, {"model": "atelier_messages.messagereceiver", "pk": 14, "fields": {"anonymized_datetime": null, "message": 14, "message_type": "email", "send_to": "admin@atelier.xyz", "send_to_metadata": {}, "user": null, "sent_datetime": "2020-10-02T13:35:28.375Z", "status": "sent", "status_data": {}}}, {"model": "atelier_messages.messagereceiver", "pk": 15, "fields": {"anonymized_datetime": null, "message": 15, "message_type": "email", "send_to": "admin@atelier.xyz", "send_to_metadata": {}, "user": null, "sent_datetime": "2020-10-02T13:35:36.979Z", "status": "sent", "status_data": {}}}, {"model": "atelier_messages.messagereceiver", "pk": 16, "fields": {"anonymized_datetime": null, "message": 16, "message_type": "email", "send_to": "test2@mail.com", "send_to_metadata": {}, "user": null, "sent_datetime": "2020-10-02T13:36:23.054Z", "status": "sent", "status_data": {}}}, {"model": "atelier_messages.messagereceiver", "pk": 17, "fields": {"anonymized_datetime": null, "message": 17, "message_type": "email", "send_to": "admin@atelier.xyz", "send_to_metadata": {}, "user": null, "sent_datetime": "2020-10-02T13:36:38.150Z", "status": "sent", "status_data": {}}}, {"model": "atelier_messages.messagereceiver", "pk": 18, "fields": {"anonymized_datetime": null, "message": 18, "message_type": "email", "send_to": "admin@atelier.xyz", "send_to_metadata": {}, "user": null, "sent_datetime": "2020-10-02T13:37:46.873Z", "status": "sent", "status_data": {}}}, {"model": "atelier_messages.messagereceiver", "pk": 19, "fields": {"anonymized_datetime": null, "message": 19, "message_type": "email", "send_to": "test2@mail.com", "send_to_metadata": {}, "user": null, "sent_datetime": "2020-10-02T13:39:03.996Z", "status": "sent", "status_data": {}}}, {"model": "atelier_messages.messagereceiver", "pk": 20, "fields": {"anonymized_datetime": null, "message": 20, "message_type": "email", "send_to": "admin@atelier.xyz", "send_to_metadata": {}, "user": null, "sent_datetime": "2020-10-02T13:39:08.788Z", "status": "sent", "status_data": {}}}, {"model": "atelier_messages.messagereceiver", "pk": 21, "fields": {"anonymized_datetime": null, "message": 21, "message_type": "email", "send_to": "test_1@mail.com", "send_to_metadata": {}, "user": null, "sent_datetime": "2020-10-02T13:40:07.924Z", "status": "sent", "status_data": {}}}, {"model": "atelier_messages.messagereceiver", "pk": 22, "fields": {"anonymized_datetime": null, "message": 22, "message_type": "email", "send_to": "admin@atelier.xyz", "send_to_metadata": {}, "user": null, "sent_datetime": "2020-10-02T13:40:11.376Z", "status": "sent", "status_data": {}}}, {"model": "atelier_messages.systemmessage", "pk": 1, "fields": {"email_heading": "Atelier authentication"}}, {"model": "atelier_messages.systemmessage", "pk": 2, "fields": {"email_heading": "Atelier authentication"}}, {"model": "atelier_messages.systemmessage", "pk": 3, "fields": {"email_heading": ""}}, {"model": "atelier_messages.systemmessage", "pk": 4, "fields": {"email_heading": "Atelier authentication"}}, {"model": "atelier_messages.systemmessage", "pk": 5, "fields": {"email_heading": "Atelier authentication"}}, {"model": "atelier_messages.systemmessage", "pk": 6, "fields": {"email_heading": ""}}, {"model": "atelier_messages.systemmessage", "pk": 7, "fields": {"email_heading": ""}}, {"model": "atelier_messages.systemmessage", "pk": 8, "fields": {"email_heading": ""}}, {"model": "atelier_messages.systemmessage", "pk": 9, "fields": {"email_heading": ""}}, {"model": "atelier_messages.systemmessage", "pk": 10, "fields": {"email_heading": ""}}, {"model": "atelier_messages.systemmessage", "pk": 11, "fields": {"email_heading": ""}}, {"model": "atelier_messages.systemmessage", "pk": 12, "fields": {"email_heading": ""}}, {"model": "atelier_messages.systemmessage", "pk": 13, "fields": {"email_heading": ""}}, {"model": "atelier_messages.systemmessage", "pk": 14, "fields": {"email_heading": ""}}, {"model": "atelier_messages.systemmessage", "pk": 15, "fields": {"email_heading": ""}}, {"model": "atelier_messages.systemmessage", "pk": 16, "fields": {"email_heading": "Atelier authentication"}}, {"model": "atelier_messages.systemmessage", "pk": 17, "fields": {"email_heading": ""}}, {"model": "atelier_messages.systemmessage", "pk": 18, "fields": {"email_heading": ""}}, {"model": "atelier_messages.systemmessage", "pk": 19, "fields": {"email_heading": "Atelier authentication"}}, {"model": "atelier_messages.systemmessage", "pk": 20, "fields": {"email_heading": ""}}, {"model": "atelier_messages.systemmessage", "pk": 21, "fields": {"email_heading": "Atelier authentication"}}, {"model": "atelier_messages.systemmessage", "pk": 22, "fields": {"email_heading": ""}}, {"model": "atelier.atelier", "pk": 1, "fields": {"created_by": 5, "created_datetime": "2020-09-12T16:14:38.746Z", "changed_datetime": "2020-09-12T16:14:38.746Z", "changed_by": 5, "name": "Superatelier", "place": "", "currency_code": "UAH", "post_code": "", "addressline": ""}}, {"model": "atelier.atelier", "pk": 2, "fields": {"created_by": 5, "created_datetime": "2020-10-02T12:25:12.902Z", "changed_datetime": "2020-10-02T12:25:12.902Z", "changed_by": 5, "name": "Atelier_2", "place": "Morshyn", "currency_code": "UAH", "post_code": "82482", "addressline": "\u0406.\u0424\u0440\u0430\u043d\u043a\u0430 1"}}, {"model": "admin.logentry", "pk": 1, "fields": {"action_time": "2020-09-12T16:14:38.748Z", "user": 5, "content_type": 4, "object_id": "1", "object_repr": "Superatelier", "action_flag": 1, "change_message": "[{\"added\": {}}]"}}, {"model": "admin.logentry", "pk": 2, "fields": {"action_time": "2020-09-27T06:53:57.156Z", "user": 5, "content_type": 5, "object_id": "5", "object_repr": "grandma@example.com", "action_flag": 2, "change_message": "[]"}}, {"model": "admin.logentry", "pk": 3, "fields": {"action_time": "2020-09-27T08:46:09.474Z", "user": 5, "content_type": 5, "object_id": "11", "object_repr": "bbb bbb", "action_flag": 3, "change_message": ""}}, {"model": "admin.logentry", "pk": 4, "fields": {"action_time": "2020-09-27T09:46:31.801Z", "user": 5, "content_type": 5, "object_id": "10", "object_repr": "test2 test2", "action_flag": 2, "change_message": "[{\"changed\": {\"fields\": [\"Active\"]}}]"}}, {"model": "admin.logentry", "pk": 5, "fields": {"action_time": "2020-09-27T09:50:12.215Z", "user": 5, "content_type": 5, "object_id": "9", "object_repr": "test1 test1", "action_flag": 2, "change_message": "[{\"changed\": {\"fields\": [\"Active\"]}}]"}}, {"model": "admin.logentry", "pk": 6, "fields": {"action_time": "2020-09-27T09:53:47.421Z", "user": 5, "content_type": 5, "object_id": "10", "object_repr": "test2 test2", "action_flag": 2, "change_message": "[{\"changed\": {\"fields\": [\"Active\"]}}]"}}, {"model": "admin.logentry", "pk": 7, "fields": {"action_time": "2020-10-02T12:25:12.903Z", "user": 5, "content_type": 4, "object_id": "2", "object_repr": "Atelier_2", "action_flag": 1, "change_message": "[{\"added\": {}}]"}}, {"model": "admin.logentry", "pk": 8, "fields": {"action_time": "2020-10-02T12:25:58.319Z", "user": 5, "content_type": 5, "object_id": "11", "object_repr": "test2 test2", "action_flag": 2, "change_message": "[{\"changed\": {\"fields\": [\"Username\", \"Atelier\", \"Occupation\"]}}]"}}]